ride_type,weekday,duration,start_zoneID,started_at
bike,0,664.0,190,2021-07-26 13:50:39
bike,0,697.0,190,2021-07-12 16:02:06
bike,0,581.0,190,2021-07-26 20:10:12
bike,0,1076.0,190,2021-07-12 15:28:33
bike,0,549.0,190,2021-07-05 19:53:07
bike,0,604.0,190,2021-07-19 14:43:33
bike,0,1221.0,190,2021-07-05 00:42:25
bike,0,399.0,190,2021-07-05 20:58:51
bike,0,253.0,190,2021-07-19 09:27:18
bike,0,503.0,190,2021-07-12 17:25:06
bike,0,533.0,190,2021-07-26 19:27:20
bike,0,183.0,190,2021-07-05 18:39:51
bike,0,584.0,190,2021-07-19 17:46:26
bike,0,441.0,190,2021-07-19 16:59:40
bike,0,1185.0,190,2021-07-05 08:35:06
bike,0,242.0,190,2021-07-05 11:27:38
bike,0,1520.0,190,2021-07-12 20:41:21
bike,0,356.0,190,2021-07-26 20:39:14
bike,0,317.0,190,2021-07-12 17:12:29
bike,0,1145.0,190,2021-07-19 17:26:02
bike,0,363.0,190,2021-07-05 19:20:32
bike,0,383.0,190,2021-07-26 21:38:48
bike,0,5407.0,190,2021-07-05 21:56:23
bike,0,417.0,190,2021-07-26 22:21:32
bike,0,266.0,190,2021-07-05 19:20:12
bike,0,334.0,190,2021-07-05 20:45:58
bike,0,536.0,190,2021-07-19 21:37:35
bike,0,690.0,190,2021-07-19 21:34:40
bike,0,349.0,190,2021-07-26 20:46:25
bike,0,432.0,190,2021-07-19 21:08:59
bike,0,798.0,190,2021-07-19 13:47:29
bike,0,821.0,190,2021-07-19 13:47:06
bike,0,1426.0,190,2021-07-26 20:08:12
bike,0,277.0,190,2021-07-05 23:08:24
bike,0,272.0,190,2021-07-05 11:52:11
bike,0,9122.0,190,2021-07-26 18:39:21
bike,0,626.0,190,2021-07-26 20:21:18
bike,0,914.0,190,2021-07-12 12:11:20
bike,0,2207.0,190,2021-07-05 20:52:00
bike,0,635.0,190,2021-07-26 19:43:35
bike,0,530.0,190,2021-07-12 04:48:47
bike,0,394.0,190,2021-07-19 06:30:41
bike,0,2692.0,190,2021-07-19 18:11:16
bike,0,803.0,190,2021-07-19 13:47:29
bike,0,1359.0,190,2021-07-12 19:02:07
bike,0,495.0,190,2021-07-19 09:37:51
bike,0,540.0,190,2021-07-05 15:27:05
bike,0,1071.0,190,2021-07-19 12:29:28
bike,0,1526.0,190,2021-07-05 15:02:05
bike,0,268.0,190,2021-07-26 07:42:43
bike,0,331.0,190,2021-07-05 11:03:46
bike,0,397.0,190,2021-07-12 19:16:43
bike,0,1649.0,190,2021-07-05 19:52:59
bike,0,484.0,190,2021-07-05 20:27:51
bike,0,459.0,190,2021-07-05 15:11:58
bike,0,757.0,190,2021-07-26 22:36:03
bike,0,470.0,190,2021-07-26 17:41:35
bike,0,554.0,190,2021-07-12 08:28:32
bike,0,664.0,190,2021-07-19 22:12:36
bike,0,1186.0,190,2021-07-26 18:49:08
bike,0,279.0,190,2021-07-19 00:22:07
bike,0,1211.0,190,2021-07-19 11:38:24
bike,0,326.0,190,2021-07-26 17:57:00
bike,0,375.0,190,2021-07-19 21:05:15
bike,0,1399.0,190,2021-07-05 20:19:08
bike,0,1089.0,190,2021-07-26 08:41:54
bike,0,292.0,190,2021-07-12 17:12:42
bike,0,1382.0,190,2021-07-26 20:56:47
bike,0,1123.0,190,2021-07-05 18:26:15
bike,0,2821.0,190,2021-07-26 18:50:29
bike,0,2899.0,190,2021-07-26 16:10:11
bike,0,244.0,190,2021-07-05 15:01:09
bike,0,821.0,190,2021-07-05 16:17:10
bike,0,1184.0,190,2021-07-19 11:03:29
bike,0,541.0,190,2021-07-19 20:35:52
bike,0,2818.0,190,2021-07-05 18:12:06
bike,0,3303.0,190,2021-07-05 19:20:46
bike,0,273.0,190,2021-07-12 23:17:36
bike,0,6665.0,190,2021-07-05 14:06:34
bike,0,599.0,190,2021-07-19 17:36:42
bike,0,705.0,190,2021-07-19 18:11:25
bike,0,342.0,190,2021-07-26 09:19:32
bike,0,389.0,190,2021-07-05 13:16:07
bike,0,498.0,190,2021-07-26 07:57:35
bike,0,1315.0,190,2021-07-19 16:35:59
bike,0,491.0,190,2021-07-26 09:54:00
bike,0,1278.0,190,2021-07-26 06:38:27
bike,0,8.0,190,2021-07-19 13:24:39
bike,0,2862.0,190,2021-07-26 00:02:33
bike,0,303.0,190,2021-07-26 17:54:05
bike,0,1646.0,190,2021-07-12 11:59:18
bike,0,458.0,190,2021-07-26 13:57:48
bike,0,179.0,190,2021-07-26 14:35:32
bike,0,2.0,190,2021-07-12 16:03:42
bike,0,1544.0,190,2021-07-12 12:00:33
bike,0,1599.0,190,2021-07-05 15:30:28
bike,0,103.0,190,2021-07-05 18:33:31
bike,0,2081.0,190,2021-07-19 17:50:29
bike,0,1993.0,190,2021-07-26 19:40:41
bike,0,1898.0,190,2021-07-26 13:34:17
bike,0,578.0,190,2021-07-05 13:16:34
bike,0,990.0,190,2021-07-12 20:57:44
bike,0,559.0,190,2021-07-05 14:07:49
bike,0,1855.0,190,2021-07-05 20:22:09
bike,0,1000.0,190,2021-07-05 16:29:42
bike,0,1027.0,190,2021-07-12 18:51:19
bike,0,341.0,190,2021-07-12 18:49:25
bike,0,112.0,190,2021-07-19 17:29:41
bike,0,709.0,190,2021-07-05 18:34:29
bike,0,509.0,190,2021-07-12 13:44:24
bike,0,382.0,190,2021-07-05 16:11:02
bike,0,1447.0,190,2021-07-26 10:28:35
bike,0,506.0,190,2021-07-05 17:32:11
bike,0,1284.0,190,2021-07-05 15:46:21
bike,0,2197.0,190,2021-07-26 07:19:28
bike,0,381.0,190,2021-07-05 23:57:26
bike,0,1414.0,190,2021-07-05 07:50:30
bike,0,2173.0,190,2021-07-12 09:32:01
bike,0,784.0,190,2021-07-26 00:49:07
bike,0,619.0,190,2021-07-26 18:53:52
bike,0,240.0,190,2021-07-05 19:31:08
bike,0,498.0,190,2021-07-05 12:45:46
bike,0,1061.0,190,2021-07-12 07:57:48
bike,0,485.0,190,2021-07-05 12:46:13
bike,0,404.0,190,2021-07-26 08:50:49
bike,0,764.0,190,2021-07-19 14:11:13
bike,0,1220.0,190,2021-07-05 16:27:37
bike,0,2615.0,190,2021-07-26 15:53:03
bike,0,3115.0,190,2021-07-05 16:27:53
bike,0,1115.0,190,2021-07-19 14:31:14
bike,0,1924.0,190,2021-07-26 17:45:47
bike,0,276.0,190,2021-07-12 17:18:39
bike,0,195.0,190,2021-07-05 14:28:11
bike,0,242.0,190,2021-07-19 17:21:52
bike,0,536.0,190,2021-07-26 20:01:28
bike,0,388.0,190,2021-07-19 20:30:26
bike,0,508.0,190,2021-07-26 20:01:54
bike,0,226.0,190,2021-07-19 15:46:36
bike,0,1023.0,190,2021-07-05 13:04:07
bike,0,1107.0,190,2021-07-19 20:03:00
bike,0,3118.0,190,2021-07-05 17:08:37
bike,0,3109.0,190,2021-07-05 17:08:46
bike,0,1156.0,190,2021-07-26 16:40:30
bike,0,268.0,190,2021-07-19 16:21:05
bike,0,463.0,190,2021-07-05 20:54:40
bike,0,505.0,190,2021-07-26 10:24:21
bike,0,486.0,190,2021-07-19 09:44:30
bike,0,264.0,190,2021-07-12 19:17:49
bike,0,297.0,190,2021-07-12 10:31:49
bike,0,213.0,190,2021-07-12 11:14:23
bike,0,1795.0,190,2021-07-05 19:11:48
bike,0,7789.0,190,2021-07-19 15:24:48
bike,0,302.0,190,2021-07-26 11:23:34
bike,0,475.0,190,2021-07-05 14:07:05
bike,0,928.0,190,2021-07-05 15:00:50
bike,0,1885.0,190,2021-07-05 17:08:47
bike,0,1630.0,190,2021-07-26 23:29:08
bike,0,2479.0,190,2021-07-05 15:11:58
bike,0,379.0,190,2021-07-12 00:23:26
bike,0,397.0,190,2021-07-12 15:35:13
bike,0,267.0,190,2021-07-12 15:21:49
bike,0,1212.0,190,2021-07-05 15:41:23
bike,0,1778.0,190,2021-07-26 20:21:57
bike,0,392.0,190,2021-07-19 21:11:30
bike,0,485.0,190,2021-07-12 13:04:32
bike,0,1134.0,190,2021-07-05 21:42:08
bike,0,510.0,190,2021-07-12 09:30:05
bike,0,483.0,190,2021-07-19 08:50:05
bike,0,522.0,190,2021-07-26 07:57:23
bike,0,2034.0,190,2021-07-05 18:22:09
bike,0,459.0,190,2021-07-19 17:53:36
bike,0,440.0,190,2021-07-12 12:16:42
bike,0,2005.0,190,2021-07-26 22:09:45
bike,0,1997.0,190,2021-07-12 13:41:07
bike,0,873.0,190,2021-07-26 13:11:31
bike,0,611.0,190,2021-07-19 10:43:14
bike,0,1217.0,190,2021-07-05 18:07:41
bike,0,612.0,190,2021-07-05 13:15:57
bike,0,961.0,190,2021-07-19 11:08:31
bike,0,1734.0,190,2021-07-26 09:30:36
bike,0,638.0,190,2021-07-19 06:39:41
bike,0,634.0,190,2021-07-19 06:39:44
bike,0,254.0,190,2021-07-05 10:04:01
bike,0,415.0,190,2021-07-19 09:46:41
bike,0,446.0,190,2021-07-19 18:07:01
bike,0,347.0,190,2021-07-05 12:03:08
bike,0,508.0,190,2021-07-05 07:47:26
bike,0,2272.0,190,2021-07-12 10:35:57
bike,0,2626.0,190,2021-07-05 19:37:57
bike,0,1124.0,190,2021-07-05 10:29:05
bike,0,1125.0,190,2021-07-05 13:15:53
bike,0,1118.0,190,2021-07-12 19:59:16
bike,0,225.0,190,2021-07-19 08:19:49
bike,0,426.0,190,2021-07-19 13:50:13
bike,0,271.0,190,2021-07-19 09:01:50
bike,0,458.0,190,2021-07-26 12:16:42
bike,0,582.0,190,2021-07-05 12:56:56
bike,0,251.0,190,2021-07-12 08:56:08
bike,0,224.0,190,2021-07-19 09:15:42
bike,0,282.0,190,2021-07-26 15:31:00
bike,0,254.0,190,2021-07-12 08:55:58
bike,0,236.0,190,2021-07-19 09:33:49
bike,0,156.0,190,2021-07-05 14:17:30
bike,0,226.0,190,2021-07-19 08:12:01
bike,0,344.0,190,2021-07-05 09:28:16
bike,0,197.0,190,2021-07-26 08:28:39
bike,0,230.0,190,2021-07-19 08:46:19
bike,0,247.0,190,2021-07-05 14:03:19
bike,0,233.0,190,2021-07-12 09:45:23
bike,0,595.0,190,2021-07-26 13:09:51
bike,0,198.0,190,2021-07-12 07:08:11
bike,0,934.0,190,2021-07-26 19:16:32
bike,0,697.0,190,2021-07-26 08:40:19
bike,0,1536.0,190,2021-07-05 08:32:54
bike,0,3130.0,190,2021-07-05 16:04:22
bike,0,301.0,190,2021-07-05 08:32:40
bike,0,269.0,190,2021-07-05 17:42:31
bike,0,370.0,190,2021-07-19 07:48:04
bike,0,928.0,190,2021-07-12 19:22:31
bike,0,21.0,190,2021-07-05 18:33:40
bike,0,23.0,190,2021-07-05 18:34:25
bike,0,510.0,190,2021-07-05 14:53:15
bike,0,1810.0,190,2021-07-19 09:48:32
bike,0,2273.0,190,2021-07-19 21:16:23
bike,0,2669.0,190,2021-07-26 00:05:38
bike,0,1100.0,190,2021-07-12 19:42:40
bike,0,895.0,190,2021-07-26 21:45:31
bike,0,340.0,190,2021-07-19 17:57:35
bike,0,826.0,190,2021-07-19 18:28:01
bike,0,1188.0,190,2021-07-05 13:54:53
bike,0,2026.0,190,2021-07-12 12:08:32
bike,0,1774.0,190,2021-07-05 11:53:54
bike,0,587.0,190,2021-07-05 16:32:03
bike,0,651.0,190,2021-07-05 16:11:38
bike,0,521.0,190,2021-07-26 20:01:57
bike,0,2749.0,190,2021-07-19 21:08:26
bike,0,1693.0,190,2021-07-19 20:05:57
bike,0,1788.0,190,2021-07-12 14:06:04
bike,0,822.0,190,2021-07-26 12:25:36
bike,0,431.0,190,2021-07-26 11:20:10
bike,0,4768.0,190,2021-07-05 13:59:09
bike,0,197.0,190,2021-07-05 18:29:19
bike,0,161.0,190,2021-07-19 01:16:42
bike,0,177.0,190,2021-07-05 18:29:51
bike,0,1924.0,190,2021-07-26 19:43:12
bike,0,1440.0,190,2021-07-26 12:17:37
bike,0,883.0,190,2021-07-12 08:31:09
bike,0,248.0,190,2021-07-05 14:53:19
bike,0,409.0,190,2021-07-12 09:01:07
bike,0,700.0,190,2021-07-12 17:58:04
bike,0,1436.0,190,2021-07-05 15:03:32
bike,0,654.0,190,2021-07-05 15:25:07
bike,0,4277.0,190,2021-07-05 21:02:53
bike,0,1059.0,190,2021-07-05 13:03:00
bike,0,11304.0,190,2021-07-26 19:17:34
bike,0,479.0,190,2021-07-05 10:33:33
bike,0,685.0,190,2021-07-12 10:33:11
bike,0,2363.0,190,2021-07-12 08:32:32
bike,0,548.0,190,2021-07-26 07:45:19
bike,0,1341.0,190,2021-07-05 08:19:38
bike,0,4613.0,190,2021-07-19 15:45:06
bike,0,1089.0,190,2021-07-26 13:10:43
bike,0,521.0,190,2021-07-19 20:49:04
bike,0,522.0,190,2021-07-05 22:07:25
bike,0,718.0,190,2021-07-26 12:53:15
bike,0,285.0,190,2021-07-05 17:38:14
bike,0,1753.0,190,2021-07-05 16:53:19
bike,0,9582.0,190,2021-07-26 12:13:22
bike,0,3900.0,190,2021-07-05 14:41:47
bike,0,445.0,190,2021-07-26 18:48:01
bike,0,458.0,190,2021-07-05 14:53:33
bike,0,1489.0,190,2021-07-05 15:28:24
bike,0,4214.0,190,2021-07-05 14:35:55
bike,0,4008.0,190,2021-07-12 10:36:21
bike,0,683.0,190,2021-07-05 22:43:48
bike,0,1809.0,190,2021-07-12 18:23:59
bike,0,9438.0,190,2021-07-05 10:45:32
bike,0,2482.0,190,2021-07-05 12:16:04
bike,0,268.0,190,2021-07-05 23:57:02
bike,0,3500.0,190,2021-07-19 14:56:22
bike,0,459.0,190,2021-07-19 16:51:51
bike,0,337.0,190,2021-07-05 23:35:22
bike,0,1756.0,190,2021-07-26 20:31:49
bike,0,1736.0,190,2021-07-19 19:24:21
bike,0,1945.0,190,2021-07-05 11:12:42
bike,0,452.0,190,2021-07-05 14:14:38
bike,0,5064.0,190,2021-07-05 21:03:21
bike,0,450.0,190,2021-07-12 20:51:30
bike,0,2141.0,190,2021-07-12 14:40:55
bike,0,849.0,190,2021-07-26 11:47:44
bike,0,1602.0,190,2021-07-26 14:37:50
bike,0,1089.0,190,2021-07-05 13:43:29
bike,0,1081.0,190,2021-07-05 19:29:12
bike,0,1120.0,190,2021-07-05 19:28:23
bike,0,626.0,190,2021-07-26 20:08:43
bike,0,1313.0,190,2021-07-05 17:29:33
bike,0,334.0,190,2021-07-05 19:20:17
bike,0,871.0,190,2021-07-19 10:05:11
bike,0,699.0,190,2021-07-26 17:01:23
bike,0,2074.0,190,2021-07-26 14:41:07
bike,0,343.0,190,2021-07-26 19:36:26
bike,0,333.0,190,2021-07-26 19:48:44
bike,0,352.0,190,2021-07-12 22:54:04
bike,0,424.0,190,2021-07-26 10:11:22
bike,0,1611.0,190,2021-07-19 22:33:56
bike,0,960.0,190,2021-07-05 00:05:52
bike,0,571.0,190,2021-07-19 20:16:02
bike,0,1355.0,190,2021-07-19 18:59:07
bike,0,2340.0,190,2021-07-19 08:21:49
bike,0,2292.0,190,2021-07-05 13:57:30
bike,0,1720.0,190,2021-07-05 18:03:55
bike,0,684.0,190,2021-07-05 14:43:16
bike,0,853.0,190,2021-07-19 18:23:50
bike,0,536.0,190,2021-07-12 19:10:32
bike,0,553.0,190,2021-07-19 19:50:41
bike,0,2218.0,190,2021-07-12 12:36:44
bike,0,482.0,190,2021-07-12 12:58:09
bike,0,3026.0,190,2021-07-26 07:54:59
bike,0,1805.0,190,2021-07-05 20:23:03
bike,0,2647.0,190,2021-07-12 14:49:18
bike,0,2580.0,190,2021-07-05 16:59:05
bike,0,900.0,190,2021-07-19 13:55:43
bike,0,2547.0,190,2021-07-05 16:59:33
bike,0,339.0,190,2021-07-05 20:28:29
bike,0,15.0,190,2021-07-26 10:34:24
bike,0,2104.0,190,2021-07-12 15:49:39
bike,0,2161.0,190,2021-07-19 14:47:51
bike,0,2718.0,190,2021-07-12 14:48:19
bike,0,2201.0,190,2021-07-19 14:47:28
bike,0,1970.0,190,2021-07-19 09:00:22
bike,0,527.0,190,2021-07-12 20:07:22
bike,0,1701.0,190,2021-07-12 21:12:29
bike,0,478.0,190,2021-07-12 22:51:11
bike,0,3745.0,190,2021-07-05 18:03:10
bike,0,2424.0,190,2021-07-05 17:13:33
bike,0,4131.0,190,2021-07-05 14:00:23
bike,0,51.0,190,2021-07-05 13:59:22
bike,0,85.0,190,2021-07-26 16:05:39
bike,0,2171.0,190,2021-07-19 21:16:46
bike,0,1494.0,190,2021-07-05 18:07:43
bike,0,1662.0,190,2021-07-26 08:05:05
bike,0,7058.0,190,2021-07-26 10:02:31
bike,0,1144.0,190,2021-07-19 19:08:49
bike,0,1432.0,190,2021-07-05 11:55:30
bike,0,297.0,190,2021-07-19 07:43:23
bike,0,251.0,190,2021-07-19 09:06:50
bike,0,264.0,190,2021-07-26 19:17:20
bike,0,38.0,190,2021-07-05 18:17:28
bike,0,59.0,190,2021-07-12 18:37:36
bike,0,1475.0,190,2021-07-05 19:01:08
bike,0,2150.0,190,2021-07-19 06:51:14
bike,0,2388.0,190,2021-07-05 17:13:08
bike,0,2289.0,190,2021-07-26 19:36:33
bike,0,1161.0,190,2021-07-26 18:57:57
bike,0,1655.0,190,2021-07-26 09:26:33
bike,0,1720.0,190,2021-07-26 12:11:23
bike,0,5669.0,190,2021-07-12 17:22:30
bike,0,420.0,190,2021-07-19 22:02:33
bike,0,528.0,190,2021-07-12 08:10:38
bike,0,1661.0,190,2021-07-26 20:43:10
bike,0,761.0,190,2021-07-26 22:47:10
bike,0,1401.0,190,2021-07-26 11:29:23
bike,0,446.0,190,2021-07-26 13:57:06
bike,0,1125.0,190,2021-07-05 12:25:57
bike,0,5669.0,190,2021-07-12 17:22:15
bike,0,3086.0,190,2021-07-05 12:40:37
bike,0,1597.0,190,2021-07-26 14:07:48
bike,0,817.0,190,2021-07-19 10:14:09
bike,0,1032.0,190,2021-07-12 16:26:43
bike,0,863.0,190,2021-07-12 10:09:29
bike,0,9939.0,190,2021-07-12 13:28:53
bike,0,2150.0,190,2021-07-05 18:05:06
bike,0,2018.0,190,2021-07-05 20:16:10
bike,0,789.0,190,2021-07-12 20:25:02
bike,0,869.0,190,2021-07-05 19:21:55
bike,0,2583.0,190,2021-07-05 08:10:38
bike,0,716.0,190,2021-07-26 17:34:33
bike,0,205.0,190,2021-07-19 16:17:24
bike,0,210.0,190,2021-07-26 13:14:51
bike,0,234.0,190,2021-07-26 09:55:25
bike,0,2493.0,190,2021-07-19 19:53:01
bike,0,195.0,190,2021-07-05 21:09:19
bike,0,176.0,190,2021-07-05 10:35:26
bike,0,215.0,190,2021-07-26 09:55:51
bike,0,190.0,190,2021-07-19 09:41:23
bike,0,446.0,190,2021-07-19 22:12:17
bike,0,2541.0,190,2021-07-19 19:52:17
bike,0,209.0,190,2021-07-26 17:00:46
bike,0,3452.0,190,2021-07-05 15:34:05
bike,0,449.0,190,2021-07-12 10:04:39
bike,0,1361.0,190,2021-07-19 14:31:35
bike,0,857.0,190,2021-07-19 18:37:29
bike,0,523.0,190,2021-07-26 16:35:37
bike,0,525.0,190,2021-07-26 10:53:44
bike,0,1453.0,190,2021-07-19 09:16:52
bike,0,1894.0,190,2021-07-05 16:30:45
bike,0,2295.0,190,2021-07-26 20:02:23
bike,0,417.0,190,2021-07-05 19:37:37
bike,0,337.0,190,2021-07-05 18:35:13
bike,0,421.0,190,2021-07-26 13:14:19
bike,0,499.0,190,2021-07-05 19:36:11
bike,0,557.0,190,2021-07-05 22:16:50
bike,0,1305.0,190,2021-07-05 17:06:41
bike,0,1902.0,190,2021-07-26 10:39:32
bike,0,745.0,190,2021-07-05 13:02:13
bike,0,2031.0,190,2021-07-12 14:12:41
bike,0,1804.0,190,2021-07-26 11:31:14
bike,0,1004.0,190,2021-07-19 17:22:56
bike,0,168.0,190,2021-07-26 16:37:33
bike,0,4697.0,190,2021-07-12 10:02:57
bike,0,4567.0,190,2021-07-12 10:04:55
bike,0,2810.0,190,2021-07-05 16:40:31
bike,0,407.0,190,2021-07-05 17:56:26
bike,0,732.0,190,2021-07-05 18:28:39
bike,0,2242.0,190,2021-07-26 17:22:12
bike,0,1556.0,190,2021-07-12 18:09:38
bike,0,470.0,190,2021-07-19 08:50:03
bike,0,859.0,190,2021-07-05 15:41:24
bike,0,2460.0,190,2021-07-12 09:00:37
bike,0,101.0,190,2021-07-26 00:01:41
bike,0,725.0,190,2021-07-26 14:28:12
bike,0,629.0,190,2021-07-26 17:05:20
bike,0,278.0,190,2021-07-19 16:38:31
bike,0,733.0,190,2021-07-19 18:46:32
bike,0,427.0,190,2021-07-05 13:41:09
bike,0,1929.0,190,2021-07-05 12:11:46
bike,0,2236.0,190,2021-07-26 15:22:51
bike,0,2170.0,190,2021-07-26 15:23:10
bike,0,371.0,190,2021-07-05 15:15:32
bike,0,524.0,190,2021-07-05 17:48:42
bike,0,477.0,190,2021-07-26 22:05:34
bike,0,372.0,190,2021-07-05 10:45:37
bike,0,408.0,190,2021-07-19 14:07:16
bike,0,347.0,190,2021-07-12 09:56:05
bike,0,474.0,190,2021-07-26 22:05:31
bike,0,2700.0,190,2021-07-19 08:55:16
bike,0,595.0,190,2021-07-05 17:44:13
bike,0,1879.0,190,2021-07-19 07:31:25
bike,0,2880.0,190,2021-07-12 09:13:36
bike,0,302.0,190,2021-07-19 13:38:18
bike,0,76.0,190,2021-07-26 22:41:02
bike,0,1749.0,190,2021-07-26 13:35:44
bike,0,4890.0,190,2021-07-19 10:05:57
bike,0,2445.0,190,2021-07-05 13:32:54
bike,0,2201.0,190,2021-07-12 12:05:15
bike,0,131.0,190,2021-07-12 15:22:20
bike,0,1801.0,190,2021-07-19 14:05:32
bike,0,3123.0,190,2021-07-05 11:22:43
bike,0,26.0,190,2021-07-26 22:33:09
bike,0,4930.0,190,2021-07-19 10:05:42
bike,0,557.0,190,2021-07-05 17:48:58
bike,0,112.0,190,2021-07-19 16:35:52
bike,0,220.0,190,2021-07-05 19:30:09
bike,0,999.0,190,2021-07-05 16:25:35
bike,0,437.0,190,2021-07-19 12:43:23
bike,0,190.0,190,2021-07-05 18:29:36
bike,0,1137.0,190,2021-07-12 01:37:19
bike,0,317.0,190,2021-07-26 10:26:24
bike,0,487.0,190,2021-07-19 07:55:33
bike,0,1238.0,190,2021-07-26 17:34:48
bike,0,1608.0,190,2021-07-26 22:42:17
bike,0,361.0,190,2021-07-26 15:26:09
bike,0,740.0,190,2021-07-19 20:54:33
bike,0,832.0,190,2021-07-19 18:27:58
bike,0,336.0,190,2021-07-05 14:20:16
bike,0,378.0,190,2021-07-05 16:24:55
bike,0,248.0,190,2021-07-05 16:46:48
bike,0,2612.0,190,2021-07-26 13:43:45
bike,0,171.0,190,2021-07-19 07:32:47
bike,0,138.0,190,2021-07-19 09:49:58
bike,0,2293.0,190,2021-07-12 09:51:32
bike,0,2911.0,190,2021-07-12 10:05:59
bike,0,2439.0,190,2021-07-12 09:50:03
bike,0,1545.0,190,2021-07-05 16:25:31
bike,0,170.0,190,2021-07-19 20:42:24
bike,0,146.0,190,2021-07-19 21:03:27
bike,0,804.0,190,2021-07-26 11:40:53
bike,0,402.0,190,2021-07-19 10:29:46
bike,0,372.0,190,2021-07-05 22:34:43
bike,0,450.0,190,2021-07-12 12:17:04
bike,0,800.0,190,2021-07-26 14:26:49
bike,0,885.0,190,2021-07-12 21:00:50
bike,0,3306.0,190,2021-07-26 14:44:54
bike,0,1231.0,190,2021-07-05 15:40:33
bike,0,715.0,190,2021-07-05 18:07:15
bike,0,1364.0,190,2021-07-19 08:06:44
bike,0,522.0,190,2021-07-19 19:43:54
bike,0,703.0,190,2021-07-05 22:21:50
bike,0,535.0,190,2021-07-05 15:03:30
bike,0,620.0,190,2021-07-19 18:20:15
bike,0,1318.0,190,2021-07-05 12:57:09
bike,0,1917.0,190,2021-07-12 10:37:54
bike,0,2072.0,190,2021-07-12 11:22:24
bike,0,1121.0,190,2021-07-19 00:51:11
bike,0,450.0,190,2021-07-12 18:27:31
bike,0,1051.0,190,2021-07-12 15:29:47
bike,0,8501.0,190,2021-07-19 14:10:45
bike,0,8485.0,190,2021-07-19 14:11:03
bike,0,1791.0,190,2021-07-05 15:36:12
bike,0,8485.0,190,2021-07-19 14:11:25
bike,0,2164.0,190,2021-07-05 15:07:20
bike,0,8366.0,190,2021-07-19 14:13:20
bike,0,987.0,190,2021-07-05 15:03:14
bike,0,2175.0,190,2021-07-05 15:07:30
bike,0,1669.0,190,2021-07-12 07:01:35
bike,0,972.0,190,2021-07-19 19:36:20
bike,0,1314.0,190,2021-07-05 17:04:54
bike,0,967.0,190,2021-07-19 21:02:29
bike,0,1225.0,190,2021-07-05 17:06:15
bike,0,938.0,190,2021-07-05 19:05:39
bike,0,1054.0,190,2021-07-05 08:27:13
bike,0,727.0,190,2021-07-12 09:23:26
bike,0,922.0,190,2021-07-05 00:42:25
bike,0,281.0,190,2021-07-12 07:11:02
bike,0,3531.0,190,2021-07-26 21:22:09
bike,0,407.0,190,2021-07-26 07:43:09
bike,0,477.0,190,2021-07-05 13:42:08
bike,0,801.0,190,2021-07-19 08:56:44
bike,0,914.0,190,2021-07-05 13:30:51
bike,0,397.0,190,2021-07-26 18:57:10
bike,0,373.0,190,2021-07-05 17:22:01
bike,0,246.0,190,2021-07-12 12:43:12
bike,0,563.0,190,2021-07-19 14:08:51
bike,0,951.0,190,2021-07-19 19:47:05
bike,0,3674.0,190,2021-07-26 20:07:18
bike,0,768.0,190,2021-07-26 23:09:16
bike,0,120.0,190,2021-07-19 01:50:45
bike,0,299.0,190,2021-07-26 06:48:02
bike,0,601.0,190,2021-07-26 15:28:11
bike,0,123.0,190,2021-07-26 13:10:25
bike,0,2280.0,190,2021-07-26 17:41:34
bike,0,519.0,190,2021-07-12 08:58:18
bike,0,174.0,190,2021-07-19 14:40:20
bike,0,249.0,190,2021-07-19 15:17:28
bike,0,1079.0,190,2021-07-19 17:29:05
bike,0,307.0,190,2021-07-19 19:41:19
bike,0,1943.0,190,2021-07-12 14:17:03
bike,0,1159.0,190,2021-07-05 18:36:56
bike,0,1469.0,190,2021-07-26 07:48:34
bike,0,352.0,190,2021-07-26 15:16:45
bike,0,757.0,190,2021-07-05 22:43:04
bike,0,2145.0,190,2021-07-05 20:11:17
bike,0,785.0,190,2021-07-19 07:46:12
bike,0,830.0,190,2021-07-12 08:12:18
bike,0,264.0,190,2021-07-05 18:56:05
bike,0,2720.0,190,2021-07-26 12:59:54
bike,0,327.0,190,2021-07-26 11:29:44
bike,0,893.0,190,2021-07-05 08:17:25
bike,0,1495.0,190,2021-07-05 18:38:26
bike,0,1217.0,190,2021-07-05 15:21:16
bike,0,1301.0,190,2021-07-19 16:18:57
bike,0,1648.0,190,2021-07-26 12:47:57
bike,0,565.0,190,2021-07-19 18:41:19
bike,0,1463.0,190,2021-07-19 15:21:53
bike,0,1733.0,190,2021-07-05 13:06:21
bike,0,448.0,190,2021-07-05 22:25:54
bike,0,387.0,190,2021-07-05 00:13:00
bike,0,2763.0,190,2021-07-05 18:53:09
bike,0,298.0,190,2021-07-05 22:18:30
bike,0,1229.0,190,2021-07-26 07:26:10
bike,0,1631.0,190,2021-07-05 11:59:48
bike,0,691.0,190,2021-07-26 20:37:29
bike,0,932.0,190,2021-07-12 12:20:01
bike,0,928.0,190,2021-07-26 17:23:02
bike,0,1182.0,190,2021-07-05 16:06:59
bike,0,476.0,190,2021-07-19 11:46:09
bike,0,439.0,190,2021-07-12 14:54:28
bike,0,1740.0,190,2021-07-05 13:06:11
bike,0,1672.0,190,2021-07-05 13:07:31
bike,0,2246.0,190,2021-07-26 20:12:25
bike,0,1928.0,190,2021-07-05 15:19:07
bike,0,801.0,190,2021-07-12 09:50:05
bike,0,665.0,190,2021-07-26 13:10:17
bike,0,1751.0,190,2021-07-05 13:06:11
bike,0,325.0,190,2021-07-05 16:21:16
bike,0,1308.0,190,2021-07-26 13:58:04
bike,0,823.0,190,2021-07-19 09:57:47
bike,0,396.0,190,2021-07-12 08:46:55
bike,0,320.0,190,2021-07-19 16:55:41
bike,0,327.0,190,2021-07-12 16:12:52
bike,0,687.0,190,2021-07-12 08:24:48
bike,0,481.0,190,2021-07-19 09:09:40
bike,0,343.0,190,2021-07-19 10:21:37
bike,0,417.0,190,2021-07-05 10:40:14
bike,0,910.0,190,2021-07-26 09:45:04
bike,0,362.0,190,2021-07-19 16:33:04
bike,0,368.0,190,2021-07-26 16:11:32
bike,0,267.0,190,2021-07-26 18:50:55
bike,0,392.0,190,2021-07-26 19:05:40
bike,0,1803.0,190,2021-07-05 16:00:25
bike,0,241.0,190,2021-07-12 20:03:26
bike,0,719.0,190,2021-07-19 08:10:28
bike,0,194.0,190,2021-07-05 11:33:21
bike,0,1020.0,190,2021-07-19 09:14:50
bike,0,1033.0,190,2021-07-12 18:44:00
bike,0,808.0,190,2021-07-12 18:20:41
bike,0,1579.0,190,2021-07-19 12:21:26
bike,0,908.0,190,2021-07-05 20:31:30
bike,0,789.0,190,2021-07-26 10:46:30
bike,0,761.0,190,2021-07-05 18:39:31
bike,0,1118.0,190,2021-07-05 20:15:17
bike,0,1175.0,190,2021-07-26 23:10:22
bike,0,706.0,190,2021-07-05 10:31:59
bike,0,595.0,190,2021-07-26 16:40:10
bike,0,720.0,190,2021-07-05 10:32:19
bike,0,518.0,190,2021-07-12 18:20:13
bike,0,240.0,190,2021-07-19 13:46:19
bike,0,214.0,190,2021-07-05 13:50:11
bike,0,486.0,190,2021-07-19 20:12:40
bike,0,431.0,190,2021-07-12 20:47:28
bike,0,554.0,190,2021-07-19 02:33:10
bike,0,829.0,190,2021-07-12 18:20:17
bike,0,946.0,190,2021-07-26 19:10:25
bike,0,2775.0,190,2021-07-05 19:01:03
bike,0,234.0,190,2021-07-19 09:03:10
bike,0,215.0,190,2021-07-26 14:22:04
bike,0,208.0,190,2021-07-19 16:56:05
bike,0,1378.0,190,2021-07-19 21:44:24
bike,0,205.0,190,2021-07-05 17:02:11
bike,0,1652.0,190,2021-07-26 07:45:58
bike,0,1007.0,190,2021-07-05 12:58:46
bike,0,516.0,190,2021-07-05 13:12:50
bike,0,1240.0,190,2021-07-19 18:52:51
bike,0,200.0,190,2021-07-26 19:11:36
bike,0,378.0,190,2021-07-05 18:47:12
bike,0,1509.0,190,2021-07-26 16:20:06
bike,0,228.0,190,2021-07-12 06:37:03
bike,0,213.0,190,2021-07-12 17:54:34
bike,0,223.0,190,2021-07-26 06:29:31
bike,0,272.0,190,2021-07-26 15:42:54
bike,0,1565.0,190,2021-07-26 23:30:09
bike,0,373.0,190,2021-07-12 15:35:11
bike,0,334.0,190,2021-07-26 07:51:16
bike,0,418.0,190,2021-07-26 10:03:14
bike,0,333.0,190,2021-07-05 12:23:10
bike,0,1989.0,190,2021-07-19 20:18:13
bike,0,1397.0,190,2021-07-19 19:37:43
bike,0,1259.0,190,2021-07-19 14:04:02
bike,0,402.0,190,2021-07-19 17:31:52
bike,0,682.0,190,2021-07-19 18:38:54
bike,0,415.0,190,2021-07-05 12:13:15
bike,0,1227.0,190,2021-07-05 19:28:46
bike,0,1176.0,190,2021-07-05 19:29:18
bike,0,765.0,190,2021-07-12 11:06:00
bike,0,992.0,190,2021-07-05 17:15:02
bike,0,2379.0,190,2021-07-05 15:14:06
bike,0,657.0,190,2021-07-12 18:24:23
bike,0,372.0,190,2021-07-19 15:12:22
bike,0,277.0,190,2021-07-19 06:31:19
bike,0,365.0,190,2021-07-19 15:21:33
bike,0,1606.0,190,2021-07-05 15:04:26
bike,0,221.0,190,2021-07-26 17:45:41
bike,0,416.0,190,2021-07-05 18:46:40
bike,0,2201.0,190,2021-07-12 10:03:31
bike,0,2273.0,190,2021-07-19 19:49:19
bike,0,709.0,190,2021-07-12 18:20:24
bike,0,1892.0,190,2021-07-19 19:55:36
bike,0,840.0,190,2021-07-26 08:57:14
bike,0,1799.0,190,2021-07-05 13:05:08
bike,0,923.0,190,2021-07-26 16:33:39
bike,0,1896.0,190,2021-07-05 15:34:02
bike,0,454.0,190,2021-07-19 08:56:48
bike,0,1253.0,190,2021-07-05 14:56:01
bike,0,974.0,190,2021-07-05 15:18:28
bike,0,1226.0,190,2021-07-05 14:56:01
bike,0,1346.0,190,2021-07-26 09:01:43
bike,0,1172.0,190,2021-07-05 17:20:19
bike,0,150.0,190,2021-07-05 10:21:56
bike,0,286.0,190,2021-07-19 12:26:37
bike,0,11467.0,190,2021-07-26 18:51:08
bike,0,364.0,190,2021-07-26 22:32:17
bike,0,2309.0,190,2021-07-26 08:19:20
bike,0,262.0,190,2021-07-12 17:25:52
bike,0,416.0,190,2021-07-19 12:12:47
bike,0,299.0,190,2021-07-19 12:12:09
bike,0,2332.0,190,2021-07-19 08:39:30
bike,0,560.0,190,2021-07-19 15:40:37
bike,0,2487.0,190,2021-07-19 08:44:37
bike,0,244.0,190,2021-07-26 09:50:22
bike,0,800.0,190,2021-07-26 21:55:44
bike,0,1761.0,190,2021-07-19 21:06:23
bike,0,825.0,190,2021-07-05 15:39:40
bike,0,790.0,190,2021-07-26 20:33:03
bike,0,839.0,190,2021-07-19 15:27:22
bike,0,524.0,190,2021-07-05 15:25:35
bike,0,386.0,190,2021-07-05 12:52:55
bike,0,303.0,190,2021-07-19 17:55:09
bike,0,208.0,190,2021-07-05 17:30:26
bike,0,303.0,190,2021-07-05 11:27:09
bike,0,289.0,190,2021-07-26 22:56:59
bike,0,218.0,190,2021-07-12 15:32:32
bike,0,271.0,190,2021-07-26 08:15:50
bike,0,1963.0,190,2021-07-19 16:57:22
bike,0,184.0,190,2021-07-26 14:37:00
bike,0,1718.0,190,2021-07-05 11:57:31
bike,0,688.0,190,2021-07-12 15:32:57
bike,0,275.0,190,2021-07-26 09:15:43
bike,0,1410.0,190,2021-07-12 16:04:18
bike,0,1697.0,190,2021-07-05 14:01:14
bike,0,2043.0,190,2021-07-26 12:36:39
bike,0,1376.0,190,2021-07-05 16:47:12
bike,0,557.0,190,2021-07-26 15:37:58
bike,0,1119.0,190,2021-07-26 16:24:39
bike,0,622.0,190,2021-07-05 18:13:50
bike,0,905.0,190,2021-07-26 15:56:45
bike,0,998.0,190,2021-07-05 13:04:04
bike,0,822.0,190,2021-07-05 15:06:00
bike,0,566.0,190,2021-07-12 18:43:55
bike,0,2712.0,190,2021-07-19 13:10:00
bike,0,1271.0,190,2021-07-26 10:32:10
bike,0,1294.0,190,2021-07-19 19:56:09
bike,0,1159.0,190,2021-07-19 19:58:43
bike,0,1280.0,190,2021-07-19 19:56:33
bike,0,1003.0,190,2021-07-12 19:16:38
bike,0,1803.0,190,2021-07-19 16:33:11
bike,0,2308.0,190,2021-07-05 21:05:55
bike,0,4297.0,190,2021-07-19 23:38:11
bike,0,1698.0,190,2021-07-05 11:42:20
bike,0,1736.0,190,2021-07-19 19:21:02
bike,0,1398.0,190,2021-07-05 19:55:45
bike,0,1421.0,190,2021-07-05 19:55:11
bike,0,1504.0,190,2021-07-26 16:58:47
bike,0,1462.0,190,2021-07-12 07:04:22
bike,0,1358.0,190,2021-07-26 20:46:15
bike,0,2688.0,190,2021-07-19 07:31:27
bike,0,961.0,190,2021-07-05 10:38:23
bike,0,454.0,190,2021-07-05 14:43:09
bike,0,1021.0,190,2021-07-19 11:57:43
bike,0,925.0,190,2021-07-26 08:06:58
bike,0,987.0,190,2021-07-05 19:23:03
bike,0,1498.0,190,2021-07-12 19:44:58
bike,0,743.0,190,2021-07-05 13:17:29
bike,0,1211.0,190,2021-07-19 18:24:01
bike,0,907.0,190,2021-07-26 19:02:50
bike,0,418.0,190,2021-07-12 13:11:37
bike,0,386.0,190,2021-07-05 19:32:22
bike,0,2811.0,190,2021-07-26 19:11:35
bike,0,997.0,190,2021-07-26 19:01:15
bike,0,1000.0,190,2021-07-19 00:20:30
bike,0,932.0,190,2021-07-05 20:03:56
bike,0,3021.0,190,2021-07-26 10:36:29
bike,0,937.0,190,2021-07-19 14:36:31
bike,0,125.0,190,2021-07-05 22:15:05
bike,0,1213.0,190,2021-07-26 20:07:23
bike,0,247.0,190,2021-07-05 16:27:09
bike,0,552.0,190,2021-07-26 07:18:01
bike,0,1537.0,190,2021-07-05 21:35:02
bike,0,363.0,190,2021-07-19 17:20:02
bike,0,465.0,190,2021-07-26 21:23:19
bike,0,735.0,190,2021-07-12 00:34:21
bike,0,464.0,190,2021-07-26 21:23:24
bike,0,931.0,190,2021-07-26 19:56:19
bike,0,1080.0,190,2021-07-26 09:07:56
bike,0,146.0,190,2021-07-05 20:31:22
bike,0,1831.0,190,2021-07-19 16:31:03
bike,0,1549.0,190,2021-07-05 17:59:53
bike,0,1128.0,190,2021-07-19 14:07:54
bike,0,191.0,190,2021-07-19 18:04:50
bike,0,105.0,190,2021-07-12 17:49:28
bike,0,1801.0,190,2021-07-19 16:31:16
bike,0,321.0,190,2021-07-19 19:39:23
bike,0,196.0,190,2021-07-12 13:44:53
bike,0,1478.0,190,2021-07-05 17:34:42
bike,0,225.0,190,2021-07-19 03:37:48
bike,0,3254.0,190,2021-07-26 15:09:52
bike,0,726.0,190,2021-07-19 15:46:35
bike,0,118.0,190,2021-07-05 18:54:17
bike,0,1790.0,190,2021-07-05 18:05:02
bike,0,112.0,190,2021-07-19 18:59:41
bike,0,193.0,190,2021-07-19 09:24:58
bike,0,1688.0,190,2021-07-05 13:03:28
bike,0,236.0,190,2021-07-05 18:15:32
bike,0,940.0,190,2021-07-05 19:39:28
bike,0,112.0,190,2021-07-19 19:52:45
bike,0,297.0,190,2021-07-12 08:40:52
bike,0,3053.0,190,2021-07-26 15:13:11
bike,0,355.0,190,2021-07-05 20:53:37
bike,0,167.0,190,2021-07-26 17:00:44
bike,0,1259.0,190,2021-07-26 22:16:20
bike,0,280.0,190,2021-07-05 13:46:17
bike,0,152.0,190,2021-07-26 00:56:37
bike,0,3009.0,190,2021-07-05 14:29:09
bike,0,1189.0,190,2021-07-19 14:54:19
bike,0,10226.0,190,2021-07-12 19:17:00
bike,0,717.0,190,2021-07-19 18:59:25
bike,0,596.0,190,2021-07-26 13:24:26
bike,0,6953.0,190,2021-07-26 10:18:13
bike,0,1101.0,190,2021-07-19 10:41:47
bike,0,315.0,190,2021-07-19 12:34:31
bike,0,393.0,190,2021-07-26 11:03:58
bike,0,350.0,190,2021-07-05 12:20:28
bike,0,460.0,190,2021-07-05 18:30:41
bike,0,1830.0,190,2021-07-05 13:56:58
bike,0,130.0,190,2021-07-12 16:41:25
bike,0,1645.0,190,2021-07-05 19:52:59
bike,0,596.0,190,2021-07-12 21:41:35
bike,0,1294.0,190,2021-07-05 17:08:43
bike,0,495.0,190,2021-07-19 15:26:54
bike,0,2444.0,190,2021-07-12 10:20:18
bike,0,785.0,190,2021-07-12 22:01:02
bike,0,455.0,190,2021-07-12 19:00:00
bike,0,866.0,190,2021-07-05 13:33:35
bike,0,2386.0,190,2021-07-05 09:13:15
bike,0,784.0,190,2021-07-19 16:22:49
bike,0,1933.0,190,2021-07-19 19:55:14
bike,0,908.0,190,2021-07-05 11:53:34
bike,0,845.0,190,2021-07-05 16:14:32
bike,0,2387.0,190,2021-07-05 00:41:39
bike,0,4144.0,190,2021-07-05 17:44:35
bike,0,725.0,190,2021-07-12 18:39:01
bike,0,697.0,190,2021-07-05 18:34:37
bike,0,943.0,190,2021-07-19 14:43:02
bike,0,565.0,190,2021-07-19 10:07:19
bike,0,215.0,190,2021-07-12 15:20:57
bike,0,398.0,190,2021-07-05 23:48:53
bike,0,307.0,190,2021-07-19 22:55:17
bike,0,329.0,190,2021-07-26 11:47:56
bike,0,397.0,190,2021-07-19 15:46:39
bike,0,344.0,190,2021-07-19 21:05:00
bike,0,577.0,190,2021-07-05 14:36:01
bike,0,298.0,190,2021-07-26 22:55:04
bike,0,627.0,190,2021-07-05 00:46:32
bike,0,342.0,190,2021-07-19 18:31:39
bike,0,381.0,190,2021-07-19 08:19:39
bike,0,269.0,190,2021-07-26 19:54:19
bike,0,1529.0,190,2021-07-26 18:08:16
bike,0,2358.0,190,2021-07-26 22:50:29
bike,0,448.0,190,2021-07-05 09:25:45
bike,0,548.0,190,2021-07-26 18:39:15
bike,0,2390.0,190,2021-07-12 15:00:47
bike,0,333.0,190,2021-07-26 08:27:11
bike,0,1932.0,190,2021-07-12 17:16:15
bike,0,424.0,190,2021-07-19 13:41:38
bike,0,1360.0,190,2021-07-26 23:08:48
bike,0,800.0,190,2021-07-12 14:06:50
bike,0,10476.0,190,2021-07-12 12:20:25
bike,0,1907.0,190,2021-07-26 08:00:52
bike,0,3011.0,190,2021-07-05 21:50:00
bike,0,1382.0,190,2021-07-05 16:14:13
bike,0,2489.0,190,2021-07-26 18:52:13
bike,0,767.0,190,2021-07-05 18:35:00
bike,0,3808.0,190,2021-07-05 13:22:00
bike,0,3790.0,190,2021-07-05 13:22:50
bike,0,784.0,190,2021-07-05 15:13:21
bike,0,546.0,190,2021-07-19 18:33:32
bike,0,1598.0,190,2021-07-19 13:08:45
bike,0,2531.0,190,2021-07-05 14:40:56
bike,0,2940.0,190,2021-07-05 21:50:57
bike,0,386.0,190,2021-07-26 13:03:35
bike,0,1715.0,190,2021-07-05 17:40:19
bike,0,2617.0,190,2021-07-26 15:53:05
bike,0,934.0,190,2021-07-05 20:47:17
bike,0,503.0,190,2021-07-19 12:37:57
bike,0,2094.0,190,2021-07-19 14:41:04
bike,0,2321.0,190,2021-07-05 18:06:05
bike,0,329.0,190,2021-07-19 14:18:54
bike,0,175.0,190,2021-07-26 15:22:05
bike,0,1816.0,190,2021-07-05 15:00:51
bike,0,3074.0,190,2021-07-05 14:56:27
bike,0,685.0,190,2021-07-12 15:58:15
bike,0,2500.0,190,2021-07-19 06:37:35
bike,0,1357.0,190,2021-07-19 12:45:38
bike,0,561.0,190,2021-07-05 09:12:20
bike,0,471.0,190,2021-07-12 15:48:48
bike,0,294.0,190,2021-07-26 19:24:24
bike,0,1437.0,190,2021-07-05 18:14:23
bike,0,276.0,190,2021-07-26 16:48:03
bike,0,1223.0,190,2021-07-05 13:36:40
bike,0,226.0,190,2021-07-05 15:01:48
bike,0,255.0,190,2021-07-05 15:51:18
bike,0,1877.0,190,2021-07-26 14:50:55
bike,0,310.0,190,2021-07-26 15:13:31
bike,0,388.0,190,2021-07-19 15:46:30
bike,0,3134.0,190,2021-07-05 14:56:29
bike,0,1483.0,190,2021-07-05 17:24:26
bike,0,1295.0,190,2021-07-19 18:07:00
bike,0,1141.0,190,2021-07-05 14:20:11
bike,0,1900.0,190,2021-07-19 15:08:47
bike,0,1587.0,190,2021-07-19 12:35:46
bike,0,3117.0,190,2021-07-05 16:28:01
bike,0,555.0,190,2021-07-05 16:12:16
bike,0,3897.0,190,2021-07-12 18:27:38
bike,0,265.0,190,2021-07-26 14:31:00
bike,0,228.0,190,2021-07-12 17:50:12
bike,0,155.0,190,2021-07-19 15:25:29
bike,0,2185.0,190,2021-07-05 19:07:37
bike,0,140.0,190,2021-07-19 10:32:34
bike,0,970.0,190,2021-07-19 10:27:41
bike,0,194.0,190,2021-07-05 15:02:15
bike,0,2818.0,190,2021-07-05 14:36:00
bike,0,1952.0,190,2021-07-05 20:23:10
bike,0,2966.0,190,2021-07-26 09:05:59
bike,0,950.0,190,2021-07-19 18:04:51
bike,0,1329.0,190,2021-07-05 13:07:06
bike,0,1469.0,190,2021-07-05 17:56:15
bike,0,1460.0,190,2021-07-05 17:56:25
bike,0,2572.0,190,2021-07-26 09:16:10
bike,0,1265.0,190,2021-07-12 16:59:02
bike,0,855.0,190,2021-07-05 18:05:51
bike,0,2326.0,190,2021-07-26 19:15:01
bike,0,859.0,190,2021-07-26 20:12:44
bike,0,1497.0,190,2021-07-12 18:19:25
bike,0,1756.0,190,2021-07-19 22:00:48
bike,0,1358.0,190,2021-07-05 13:31:52
bike,0,761.0,190,2021-07-19 17:56:48
bike,0,2027.0,190,2021-07-19 19:05:24
bike,0,1409.0,190,2021-07-26 23:43:18
bike,0,1973.0,190,2021-07-26 20:08:38
bike,0,1982.0,190,2021-07-26 20:08:34
bike,0,1699.0,190,2021-07-05 19:17:04
bike,0,1410.0,190,2021-07-26 23:43:14
bike,0,306.0,190,2021-07-05 09:12:45
bike,0,1329.0,190,2021-07-05 19:31:30
bike,0,297.0,190,2021-07-05 09:12:40
bike,0,711.0,190,2021-07-26 15:38:06
bike,0,364.0,190,2021-07-05 09:19:18
bike,0,618.0,190,2021-07-05 18:07:54
bike,0,513.0,190,2021-07-26 20:37:14
bike,0,393.0,190,2021-07-05 14:33:46
bike,0,411.0,190,2021-07-05 14:16:37
bike,0,1332.0,190,2021-07-05 19:31:23
bike,0,251.0,190,2021-07-12 09:15:57
bike,0,255.0,190,2021-07-19 20:53:54
bike,0,267.0,190,2021-07-19 21:03:43
bike,0,277.0,190,2021-07-19 20:44:25
bike,0,1092.0,190,2021-07-19 20:35:36
bike,0,136.0,190,2021-07-26 19:34:09
bike,0,927.0,190,2021-07-19 18:44:38
bike,0,167.0,190,2021-07-19 15:09:53
bike,0,239.0,190,2021-07-05 17:17:48
bike,0,224.0,190,2021-07-12 11:07:48
bike,0,191.0,190,2021-07-12 11:34:59
bike,0,245.0,190,2021-07-12 13:12:36
bike,0,228.0,190,2021-07-12 12:57:43
bike,0,230.0,190,2021-07-12 15:01:51
bike,0,232.0,190,2021-07-12 06:58:29
bike,0,261.0,190,2021-07-19 20:53:42
bike,0,284.0,190,2021-07-19 21:03:23
bike,0,264.0,190,2021-07-19 20:44:24
bike,0,510.0,190,2021-07-12 20:51:10
bike,0,540.0,190,2021-07-19 21:19:37
bike,0,141.0,190,2021-07-05 14:39:22
bike,0,226.0,190,2021-07-26 20:36:18
bike,0,276.0,190,2021-07-12 08:55:44
bike,0,215.0,190,2021-07-12 22:45:36
bike,0,949.0,190,2021-07-26 19:08:47
bike,0,341.0,190,2021-07-12 11:44:00
bike,0,602.0,190,2021-07-05 09:14:39
bike,0,271.0,190,2021-07-12 16:06:45
bike,0,342.0,190,2021-07-19 18:23:15
bike,0,4023.0,190,2021-07-12 19:02:09
bike,0,235.0,190,2021-07-05 14:10:04
bike,0,2219.0,190,2021-07-12 07:46:03
bike,0,536.0,190,2021-07-19 20:21:50
bike,0,640.0,190,2021-07-26 14:29:59
bike,0,524.0,190,2021-07-12 09:20:44
bike,0,553.0,190,2021-07-26 21:53:27
bike,0,546.0,190,2021-07-26 21:53:34
bike,0,1706.0,190,2021-07-05 22:06:36
bike,0,1346.0,190,2021-07-05 20:53:47
bike,0,417.0,190,2021-07-19 18:08:52
bike,0,6977.0,190,2021-07-05 12:44:13
bike,0,1139.0,190,2021-07-19 00:41:24
bike,0,637.0,190,2021-07-05 14:26:21
bike,0,585.0,190,2021-07-12 15:20:23
bike,0,510.0,190,2021-07-26 15:12:12
bike,0,1107.0,190,2021-07-12 20:12:44
bike,0,1044.0,190,2021-07-19 08:38:57
bike,0,517.0,190,2021-07-19 13:59:28
bike,0,413.0,190,2021-07-19 11:48:59
bike,0,575.0,190,2021-07-19 16:35:10
bike,0,870.0,190,2021-07-26 16:00:05
bike,0,457.0,190,2021-07-05 16:25:04
bike,0,5339.0,190,2021-07-26 18:24:56
bike,0,1717.0,190,2021-07-05 18:21:51
bike,0,688.0,190,2021-07-19 20:32:04
bike,0,2242.0,190,2021-07-19 01:20:15
bike,0,546.0,190,2021-07-26 14:06:19
bike,0,12369.0,190,2021-07-05 12:56:32
bike,0,9563.0,190,2021-07-05 20:13:49
bike,0,616.0,190,2021-07-05 12:56:47
bike,0,713.0,190,2021-07-19 21:35:18
bike,0,1004.0,190,2021-07-19 18:36:17
bike,0,1050.0,190,2021-07-12 11:55:55
bike,0,1789.0,190,2021-07-26 17:30:21
bike,0,726.0,190,2021-07-05 18:40:28
bike,0,1130.0,190,2021-07-05 17:15:02
bike,0,1050.0,190,2021-07-12 09:52:46
bike,0,2562.0,190,2021-07-05 17:33:18
bike,0,3511.0,190,2021-07-05 15:38:10
bike,0,289.0,190,2021-07-12 10:19:34
bike,0,329.0,190,2021-07-26 17:53:58
bike,0,885.0,190,2021-07-26 10:37:10
bike,0,1690.0,190,2021-07-05 09:46:24
bike,0,501.0,190,2021-07-19 19:47:58
bike,0,992.0,190,2021-07-19 14:50:45
bike,0,1136.0,190,2021-07-12 13:16:48
bike,0,292.0,190,2021-07-05 11:42:29
bike,0,1327.0,190,2021-07-12 08:06:49
bike,0,889.0,190,2021-07-26 17:55:32
bike,0,417.0,190,2021-07-19 00:31:36
bike,0,1249.0,190,2021-07-05 21:17:27
bike,0,410.0,190,2021-07-19 19:59:40
bike,0,501.0,190,2021-07-26 10:54:21
bike,0,553.0,190,2021-07-19 18:18:08
bike,0,384.0,190,2021-07-12 19:36:41
bike,0,313.0,190,2021-07-19 09:36:38
bike,0,282.0,190,2021-07-12 07:28:25
bike,0,298.0,190,2021-07-12 09:12:17
bike,0,384.0,190,2021-07-26 13:08:14
bike,0,318.0,190,2021-07-26 07:24:15
bike,0,366.0,190,2021-07-12 13:23:47
bike,0,302.0,190,2021-07-19 07:26:02
bike,0,356.0,190,2021-07-05 21:00:59
bike,0,404.0,190,2021-07-12 16:11:56
bike,0,284.0,190,2021-07-19 16:11:22
bike,0,455.0,190,2021-07-19 11:22:03
bike,0,843.0,190,2021-07-05 15:30:58
bike,0,632.0,190,2021-07-26 21:29:36
bike,0,609.0,190,2021-07-05 18:23:53
bike,0,801.0,190,2021-07-05 21:01:25
bike,0,143.0,190,2021-07-05 09:40:02
bike,0,226.0,190,2021-07-19 08:33:13
bike,0,521.0,190,2021-07-12 17:19:02
bike,0,2252.0,190,2021-07-12 08:16:03
bike,0,972.0,190,2021-07-19 10:46:09
bike,0,333.0,190,2021-07-12 16:09:00
bike,0,229.0,190,2021-07-26 16:24:48
bike,0,205.0,190,2021-07-05 12:38:36
bike,0,1617.0,190,2021-07-26 19:18:48
bike,0,592.0,190,2021-07-12 08:03:37
bike,0,397.0,190,2021-07-05 13:57:26
bike,0,748.0,190,2021-07-12 21:04:09
bike,0,379.0,190,2021-07-26 15:35:48
bike,0,788.0,190,2021-07-12 19:51:11
bike,0,351.0,190,2021-07-26 08:55:37
bike,0,169.0,190,2021-07-26 19:12:57
bike,0,203.0,190,2021-07-19 22:30:28
bike,0,215.0,190,2021-07-26 13:31:12
bike,0,174.0,190,2021-07-26 22:20:12
bike,0,426.0,190,2021-07-26 09:12:08
bike,0,2705.0,190,2021-07-12 09:50:02
bike,0,741.0,190,2021-07-05 22:34:21
bike,0,5151.0,190,2021-07-19 19:51:31
bike,0,623.0,190,2021-07-19 18:28:10
bike,0,176.0,190,2021-07-12 19:34:31
bike,0,938.0,190,2021-07-12 17:25:10
bike,0,1501.0,190,2021-07-05 21:17:17
bike,0,1295.0,190,2021-07-05 20:48:20
bike,0,664.0,190,2021-07-19 15:09:35
bike,0,1361.0,190,2021-07-05 14:08:47
bike,0,790.0,190,2021-07-26 19:11:21
bike,0,1192.0,190,2021-07-26 02:04:44
bike,0,623.0,190,2021-07-26 19:59:20
bike,0,625.0,190,2021-07-05 13:17:33
bike,0,2094.0,190,2021-07-05 15:57:25
bike,0,2114.0,190,2021-07-05 15:57:14
bike,0,1820.0,190,2021-07-26 08:38:47
bike,0,3344.0,190,2021-07-05 13:22:27
bike,0,4509.0,190,2021-07-05 13:14:16
bike,0,4410.0,190,2021-07-05 13:15:36
bike,0,4453.0,190,2021-07-05 13:15:23
bike,0,3343.0,190,2021-07-05 13:22:28
bike,0,4524.0,190,2021-07-05 13:14:13
bike,0,4521.0,190,2021-07-05 13:15:05
bike,0,1600.0,190,2021-07-19 12:49:31
bike,0,1587.0,190,2021-07-19 12:49:42
bike,0,2752.0,190,2021-07-05 14:53:03
bike,0,788.0,190,2021-07-12 18:48:34
bike,0,513.0,190,2021-07-26 10:13:26
bike,0,2590.0,190,2021-07-26 09:30:20
bike,0,1195.0,190,2021-07-26 08:38:28
bike,0,2206.0,190,2021-07-26 18:51:43
bike,0,2702.0,190,2021-07-05 18:13:38
bike,0,7.0,190,2021-07-19 11:56:38
bike,0,3204.0,190,2021-07-26 16:08:08
bike,0,1968.0,190,2021-07-12 18:53:28
bike,0,2025.0,190,2021-07-19 18:54:25
bike,0,1098.0,190,2021-07-19 20:30:27
bike,0,8.0,190,2021-07-19 09:36:14
bike,0,61.0,190,2021-07-19 04:47:59
bike,0,990.0,190,2021-07-19 04:49:17
bike,0,2013.0,190,2021-07-19 15:46:12
bike,0,2.0,190,2021-07-19 09:32:50
bike,0,1252.0,190,2021-07-05 08:57:55
bike,0,3.0,190,2021-07-05 08:56:45
bike,0,2251.0,190,2021-07-19 09:48:24
bike,0,2283.0,190,2021-07-05 17:23:47
bike,0,972.0,190,2021-07-26 19:12:45
bike,0,725.0,190,2021-07-05 13:34:08
bike,0,487.0,190,2021-07-19 11:05:48
bike,0,480.0,190,2021-07-26 08:42:11
bike,0,2599.0,190,2021-07-05 21:57:02
bike,0,1978.0,190,2021-07-26 15:21:01
bike,0,1093.0,190,2021-07-05 10:10:38
bike,0,3700.0,190,2021-07-05 10:30:27
bike,0,1944.0,190,2021-07-19 18:22:56
bike,0,989.0,190,2021-07-19 18:59:25
bike,0,1923.0,190,2021-07-12 12:06:25
bike,0,145.0,190,2021-07-05 19:43:43
bike,0,2486.0,190,2021-07-26 14:06:16
bike,0,17.0,190,2021-07-26 20:56:09
bike,0,4330.0,190,2021-07-19 15:06:36
bike,0,12.0,190,2021-07-05 11:32:06
bike,0,2365.0,190,2021-07-05 11:47:10
bike,0,2421.0,190,2021-07-19 14:16:07
bike,0,2391.0,190,2021-07-19 13:35:03
bike,0,91.0,190,2021-07-12 12:55:27
bike,0,2579.0,190,2021-07-26 00:09:09
bike,0,728.0,190,2021-07-05 17:52:28
bike,0,223.0,190,2021-07-05 17:48:14
bike,0,109.0,190,2021-07-12 15:58:12
bike,0,75.0,190,2021-07-12 19:20:36
bike,0,1759.0,190,2021-07-05 19:46:23
bike,0,269.0,190,2021-07-26 20:58:52
bike,0,1444.0,190,2021-07-19 15:05:22
bike,0,2440.0,190,2021-07-19 14:16:02
bike,0,54.0,190,2021-07-05 14:53:17
bike,0,115.0,190,2021-07-26 10:40:59
bike,0,2832.0,190,2021-07-05 23:44:37
bike,0,2310.0,190,2021-07-19 06:50:36
bike,0,2220.0,190,2021-07-05 11:41:23
bike,0,0.0,190,2021-07-05 18:55:56
bike,0,891.0,190,2021-07-12 17:23:17
bike,0,1546.0,190,2021-07-05 17:23:28
bike,0,2276.0,190,2021-07-05 11:48:37
bike,0,3037.0,190,2021-07-05 18:48:11
bike,0,3967.0,190,2021-07-05 14:28:22
bike,0,1166.0,190,2021-07-05 21:15:05
bike,0,33.0,190,2021-07-05 18:39:31
bike,0,1117.0,190,2021-07-19 20:24:46
bike,0,3103.0,190,2021-07-05 11:35:43
bike,0,1530.0,190,2021-07-05 17:24:00
bike,0,618.0,190,2021-07-12 21:11:23
bike,0,615.0,190,2021-07-26 18:08:00
bike,0,1819.0,190,2021-07-05 11:41:52
bike,0,1638.0,190,2021-07-05 12:37:29
bike,0,988.0,190,2021-07-05 12:15:31
bike,0,206.0,190,2021-07-05 14:24:44
bike,0,2633.0,190,2021-07-05 07:17:54
bike,0,1230.0,190,2021-07-26 12:41:07
bike,0,1779.0,190,2021-07-12 16:04:13
bike,0,1188.0,190,2021-07-05 15:55:05
bike,0,2471.0,190,2021-07-19 14:15:51
bike,0,2177.0,190,2021-07-05 23:51:15
bike,0,1528.0,190,2021-07-26 00:53:38
bike,0,1261.0,190,2021-07-26 10:06:55
bike,0,626.0,190,2021-07-05 16:44:27
bike,0,49.0,190,2021-07-26 21:28:17
bike,0,2254.0,190,2021-07-05 13:52:11
bike,0,1773.0,190,2021-07-05 16:52:34
bike,0,1447.0,190,2021-07-26 00:54:46
bike,0,1036.0,190,2021-07-26 20:05:04
bike,0,1006.0,190,2021-07-12 19:48:43
bike,0,47.0,190,2021-07-19 21:08:19
bike,0,1640.0,190,2021-07-05 17:22:04
bike,0,4049.0,190,2021-07-05 19:07:25
bike,0,6082.0,190,2021-07-05 13:25:02
bike,0,1945.0,190,2021-07-12 16:01:54
bike,0,2219.0,190,2021-07-26 17:59:13
bike,0,4119.0,190,2021-07-05 14:24:40
bike,0,548.0,190,2021-07-19 15:01:52
bike,0,288.0,190,2021-07-26 12:30:56
bike,0,200.0,190,2021-07-05 14:48:22
bike,0,395.0,190,2021-07-05 15:52:45
bike,0,833.0,190,2021-07-12 19:37:15
bike,0,311.0,190,2021-07-19 20:41:03
bike,0,204.0,190,2021-07-19 19:26:59
bike,0,747.0,190,2021-07-05 20:08:11
bike,0,188.0,190,2021-07-12 18:40:40
bike,0,250.0,190,2021-07-12 17:18:20
bike,0,2782.0,190,2021-07-05 20:57:01
bike,0,1879.0,190,2021-07-26 18:09:42
bike,0,1093.0,190,2021-07-19 15:22:19
bike,0,741.0,190,2021-07-05 20:08:31
bike,0,1830.0,190,2021-07-26 14:20:20
bike,0,623.0,190,2021-07-12 09:06:45
bike,0,532.0,190,2021-07-05 17:07:53
bike,0,495.0,190,2021-07-05 04:56:03
bike,0,314.0,190,2021-07-12 15:42:59
bike,0,699.0,190,2021-07-12 11:49:37
bike,0,1010.0,190,2021-07-19 08:45:34
bike,0,277.0,190,2021-07-05 16:07:29
bike,0,3680.0,190,2021-07-19 16:57:30
bike,0,330.0,190,2021-07-26 11:21:10
bike,0,300.0,190,2021-07-12 14:42:06
bike,0,674.0,190,2021-07-26 19:56:54
bike,0,7463.0,190,2021-07-19 19:20:33
bike,0,576.0,190,2021-07-19 06:14:42
bike,0,1786.0,190,2021-07-05 17:51:56
bike,0,7470.0,190,2021-07-19 19:20:26
bike,0,275.0,190,2021-07-05 13:17:42
bike,0,2925.0,190,2021-07-05 16:08:28
bike,0,1825.0,190,2021-07-05 17:51:19
bike,0,604.0,190,2021-07-05 06:23:57
bike,0,796.0,190,2021-07-05 10:32:58
bike,0,2702.0,190,2021-07-05 16:12:09
bike,0,348.0,190,2021-07-12 12:39:21
bike,0,344.0,190,2021-07-26 12:58:28
bike,0,703.0,190,2021-07-26 18:43:00
bike,0,1165.0,190,2021-07-05 00:31:30
bike,0,1675.0,190,2021-07-12 17:52:48
bike,0,2163.0,190,2021-07-12 10:54:11
bike,0,385.0,190,2021-07-19 19:38:33
bike,0,1376.0,190,2021-07-05 19:40:47
bike,0,2330.0,190,2021-07-19 15:43:45
bike,0,754.0,190,2021-07-19 20:50:31
bike,0,13883.0,190,2021-07-26 20:24:02
bike,0,1334.0,190,2021-07-19 18:24:21
bike,0,2388.0,190,2021-07-19 16:35:27
bike,0,1468.0,190,2021-07-26 19:51:21
bike,0,1929.0,190,2021-07-26 08:57:00
bike,0,937.0,190,2021-07-12 11:50:41
bike,0,671.0,190,2021-07-05 15:21:42
bike,0,827.0,190,2021-07-05 10:38:14
bike,0,707.0,190,2021-07-19 16:38:10
bike,0,1490.0,190,2021-07-19 18:25:10
bike,0,498.0,190,2021-07-12 18:55:49
bike,0,607.0,190,2021-07-05 17:11:19
bike,0,2578.0,190,2021-07-19 16:34:30
bike,0,1158.0,190,2021-07-12 09:14:10
bike,0,2599.0,190,2021-07-19 16:34:05
bike,0,897.0,190,2021-07-05 11:28:57
bike,0,675.0,190,2021-07-12 18:36:08
bike,0,1660.0,190,2021-07-26 09:02:16
bike,0,1096.0,190,2021-07-19 09:07:37
bike,0,996.0,190,2021-07-05 16:12:31
bike,0,1299.0,190,2021-07-05 22:35:36
bike,0,3836.0,190,2021-07-19 13:26:37
bike,0,1601.0,190,2021-07-12 19:11:53
bike,0,333.0,190,2021-07-19 10:49:56
bike,0,684.0,190,2021-07-26 18:50:39
bike,0,882.0,190,2021-07-26 19:38:18
bike,0,1724.0,190,2021-07-05 17:11:59
bike,0,1675.0,190,2021-07-05 17:12:47
bike,0,755.0,190,2021-07-26 19:37:55
bike,0,2723.0,190,2021-07-19 20:12:32
bike,0,626.0,190,2021-07-05 18:00:16
bike,0,631.0,190,2021-07-12 21:13:51
bike,0,2259.0,190,2021-07-12 11:32:20
bike,0,2275.0,190,2021-07-26 11:29:28
bike,0,1577.0,190,2021-07-12 07:58:28
bike,0,2183.0,190,2021-07-26 17:19:27
bike,0,2115.0,190,2021-07-19 17:33:07
bike,0,2315.0,190,2021-07-05 18:06:39
bike,0,2105.0,190,2021-07-19 07:44:04
bike,0,1109.0,190,2021-07-19 22:15:40
bike,0,762.0,190,2021-07-19 17:44:17
bike,0,665.0,190,2021-07-19 13:42:53
bike,0,585.0,190,2021-07-19 23:53:21
bike,0,787.0,190,2021-07-05 19:10:17
bike,0,2080.0,190,2021-07-05 11:32:02
bike,0,1064.0,190,2021-07-26 07:38:45
bike,0,1679.0,190,2021-07-26 17:27:41
bike,0,2034.0,190,2021-07-12 07:48:22
bike,0,925.0,190,2021-07-12 07:42:55
bike,0,973.0,190,2021-07-19 07:36:07
bike,0,848.0,190,2021-07-12 05:34:40
bike,0,1533.0,190,2021-07-05 20:31:20
bike,0,1557.0,190,2021-07-05 20:30:25
bike,0,399.0,190,2021-07-26 16:22:54
bike,0,269.0,190,2021-07-05 23:52:10
bike,0,406.0,190,2021-07-12 08:32:28
bike,0,292.0,190,2021-07-26 08:22:14
bike,0,187.0,190,2021-07-12 23:33:15
bike,0,206.0,190,2021-07-12 17:43:03
bike,0,566.0,190,2021-07-26 14:45:56
bike,0,844.0,190,2021-07-26 18:37:37
bike,0,1426.0,190,2021-07-12 14:45:32
bike,0,904.0,190,2021-07-26 18:45:16
bike,0,1189.0,190,2021-07-19 21:43:48
bike,0,735.0,190,2021-07-26 19:42:21
bike,0,508.0,190,2021-07-26 12:39:03
bike,0,783.0,190,2021-07-19 22:21:57
bike,0,529.0,190,2021-07-05 15:25:02
bike,0,1167.0,190,2021-07-05 21:21:41
bike,0,415.0,190,2021-07-05 20:22:09
bike,0,1443.0,190,2021-07-05 23:11:01
bike,0,1381.0,190,2021-07-12 11:32:22
bike,0,625.0,190,2021-07-26 17:26:28
bike,0,1108.0,190,2021-07-12 22:08:56
bike,0,597.0,190,2021-07-19 17:39:04
bike,0,380.0,190,2021-07-26 09:17:19
bike,0,616.0,190,2021-07-12 17:44:44
bike,0,362.0,190,2021-07-19 11:36:11
bike,0,559.0,190,2021-07-26 17:33:30
bike,0,942.0,190,2021-07-05 21:43:56
bike,0,407.0,190,2021-07-19 09:12:08
bike,0,337.0,190,2021-07-05 15:16:22
bike,0,1335.0,190,2021-07-26 10:39:12
bike,0,507.0,190,2021-07-05 19:25:25
bike,0,744.0,190,2021-07-26 16:35:56
bike,0,2236.0,190,2021-07-05 19:40:18
bike,0,1240.0,190,2021-07-05 16:23:53
bike,0,396.0,190,2021-07-05 18:57:06
bike,0,1734.0,190,2021-07-19 15:54:14
bike,0,1388.0,190,2021-07-26 19:12:53
bike,0,427.0,190,2021-07-05 10:12:41
bike,0,2245.0,190,2021-07-05 20:51:20
bike,0,1600.0,190,2021-07-12 18:21:16
bike,0,193.0,190,2021-07-19 20:37:04
bike,0,258.0,190,2021-07-19 14:48:31
bike,0,248.0,190,2021-07-12 00:55:53
bike,0,989.0,190,2021-07-26 03:38:49
bike,0,2615.0,190,2021-07-26 22:12:31
bike,0,353.0,190,2021-07-19 14:52:28
bike,0,2295.0,190,2021-07-05 11:29:22
bike,0,595.0,190,2021-07-26 09:05:11
bike,0,1444.0,190,2021-07-26 14:12:31
bike,0,1219.0,190,2021-07-26 08:54:24
bike,0,697.0,190,2021-07-19 14:01:13
bike,0,1855.0,190,2021-07-12 18:37:38
bike,0,764.0,190,2021-07-19 16:55:10
bike,0,536.0,190,2021-07-05 21:30:16
bike,0,368.0,190,2021-07-12 14:05:03
bike,0,427.0,190,2021-07-19 00:23:12
bike,0,3877.0,190,2021-07-05 16:58:04
bike,0,3896.0,190,2021-07-05 16:59:25
bike,0,79.0,190,2021-07-05 17:57:30
bike,0,1921.0,190,2021-07-26 19:06:24
bike,0,243.0,190,2021-07-12 16:15:35
bike,0,304.0,190,2021-07-12 10:11:14
bike,0,1832.0,190,2021-07-05 15:56:07
bike,0,1916.0,190,2021-07-19 05:53:12
bike,0,45.0,190,2021-07-05 18:58:56
bike,0,674.0,190,2021-07-05 16:40:32
bike,0,38.0,190,2021-07-19 14:47:37
bike,0,1848.0,190,2021-07-05 20:35:55
bike,0,75.0,190,2021-07-05 17:54:04
bike,0,1104.0,190,2021-07-05 17:14:05
bike,0,47.0,190,2021-07-05 18:00:31
bike,0,2360.0,190,2021-07-12 18:24:51
bike,0,1455.0,190,2021-07-19 19:52:12
bike,0,2099.0,190,2021-07-05 09:15:26
bike,0,2472.0,190,2021-07-12 09:12:56
bike,0,1334.0,190,2021-07-12 08:32:09
bike,0,1733.0,190,2021-07-12 19:16:39
bike,0,2221.0,190,2021-07-19 00:47:17
bike,0,56.0,190,2021-07-12 09:50:01
bike,0,133.0,190,2021-07-05 16:47:52
bike,0,2049.0,190,2021-07-05 15:53:14
bike,0,2.0,190,2021-07-19 01:14:27
bike,0,1456.0,190,2021-07-19 08:32:30
bike,0,1869.0,190,2021-07-05 20:36:03
bike,0,113.0,190,2021-07-26 14:42:44
bike,0,71.0,190,2021-07-05 17:54:15
bike,0,44.0,190,2021-07-05 18:00:37
bike,0,1144.0,190,2021-07-05 17:13:19
bike,0,21.0,190,2021-07-05 14:24:49
bike,0,1679.0,190,2021-07-12 19:17:40
bike,0,7426.0,190,2021-07-05 13:38:20
bike,0,1600.0,190,2021-07-05 08:51:03
bike,0,1578.0,190,2021-07-05 08:51:36
bike,0,988.0,190,2021-07-19 21:08:59
bike,0,1003.0,190,2021-07-19 21:08:57
bike,0,575.0,190,2021-07-05 00:25:21
bike,0,646.0,190,2021-07-19 19:26:27
bike,0,780.0,190,2021-07-19 22:10:38
bike,0,1287.0,190,2021-07-26 08:08:47
bike,0,1521.0,190,2021-07-19 20:10:20
bike,0,249.0,190,2021-07-05 20:39:59
bike,0,456.0,190,2021-07-26 15:46:35
bike,0,960.0,190,2021-07-19 20:35:25
bike,0,928.0,190,2021-07-26 20:35:52
bike,0,978.0,190,2021-07-05 20:37:58
bike,0,2365.0,190,2021-07-26 17:54:50
bike,0,466.0,190,2021-07-05 18:54:59
bike,0,562.0,190,2021-07-26 20:03:21
bike,0,695.0,190,2021-07-12 12:21:18
bike,0,2837.0,190,2021-07-05 16:02:15
bike,0,459.0,190,2021-07-05 18:54:32
bike,0,3525.0,190,2021-07-19 22:36:31
bike,0,365.0,190,2021-07-19 19:31:25
bike,0,494.0,190,2021-07-26 09:15:13
bike,0,1169.0,190,2021-07-19 21:39:22
bike,0,491.0,190,2021-07-19 18:48:05
bike,0,367.0,190,2021-07-12 17:40:06
bike,0,663.0,190,2021-07-26 08:23:48
bike,0,483.0,190,2021-07-12 08:59:00
bike,0,1892.0,190,2021-07-19 19:45:10
bike,0,410.0,190,2021-07-19 08:42:29
bike,0,428.0,190,2021-07-19 09:02:54
bike,0,588.0,190,2021-07-19 14:16:44
bike,0,328.0,190,2021-07-05 19:00:24
bike,0,631.0,190,2021-07-12 14:30:51
bike,0,459.0,190,2021-07-26 18:23:26
bike,0,352.0,190,2021-07-12 09:07:38
bike,0,975.0,190,2021-07-05 08:59:16
bike,0,822.0,190,2021-07-19 17:40:40
bike,0,734.0,190,2021-07-05 19:28:19
bike,0,498.0,190,2021-07-12 22:48:59
bike,0,193.0,190,2021-07-12 14:12:30
bike,0,454.0,190,2021-07-19 04:21:13
bike,0,706.0,190,2021-07-05 16:45:47
bike,0,1074.0,190,2021-07-05 16:31:52
bike,0,722.0,190,2021-07-05 16:45:31
bike,0,1102.0,190,2021-07-26 09:31:03
bike,0,173.0,190,2021-07-19 12:57:23
bike,0,1205.0,190,2021-07-05 16:45:12
bike,0,1198.0,190,2021-07-05 16:45:40
bike,0,756.0,190,2021-07-19 17:15:42
bike,0,696.0,190,2021-07-26 17:48:40
bike,0,504.0,190,2021-07-19 09:27:07
bike,0,483.0,190,2021-07-12 17:39:08
bike,0,2044.0,190,2021-07-19 11:26:34
bike,0,814.0,190,2021-07-19 20:05:38
bike,0,1067.0,190,2021-07-26 15:23:36
bike,0,397.0,190,2021-07-19 14:44:37
bike,0,762.0,190,2021-07-26 19:30:19
bike,0,340.0,190,2021-07-26 13:23:08
bike,0,1912.0,190,2021-07-05 15:37:37
bike,0,403.0,190,2021-07-05 20:58:09
bike,0,774.0,190,2021-07-26 17:34:38
bike,0,187.0,190,2021-07-05 20:10:16
bike,0,197.0,190,2021-07-12 20:06:51
bike,0,2124.0,190,2021-07-26 16:42:35
bike,0,391.0,190,2021-07-05 15:03:05
bike,0,368.0,190,2021-07-05 16:34:04
bike,0,440.0,190,2021-07-12 13:13:45
bike,0,723.0,190,2021-07-26 16:54:39
bike,0,1342.0,190,2021-07-19 17:49:12
bike,0,327.0,190,2021-07-26 13:05:34
bike,0,444.0,190,2021-07-12 16:44:50
bike,0,274.0,190,2021-07-12 08:06:39
bike,0,1918.0,190,2021-07-12 13:17:00
bike,0,192.0,190,2021-07-26 17:19:49
bike,0,270.0,190,2021-07-05 12:35:26
bike,0,253.0,190,2021-07-19 19:54:27
bike,0,933.0,190,2021-07-19 16:50:42
bike,0,637.0,190,2021-07-05 16:13:00
bike,0,402.0,190,2021-07-05 13:43:53
bike,0,1670.0,190,2021-07-19 11:38:54
bike,0,2531.0,190,2021-07-12 17:55:29
bike,0,817.0,190,2021-07-05 19:44:39
bike,0,3651.0,190,2021-07-05 18:37:14
bike,0,541.0,190,2021-07-05 19:48:10
bike,0,2549.0,190,2021-07-05 16:49:25
bike,0,981.0,190,2021-07-12 18:44:08
bike,0,426.0,190,2021-07-26 12:49:59
bike,0,629.0,190,2021-07-19 12:16:12
bike,0,950.0,190,2021-07-12 18:45:02
bike,0,2487.0,190,2021-07-05 16:49:28
bike,0,421.0,190,2021-07-26 14:01:12
bike,0,439.0,190,2021-07-05 18:17:04
bike,0,1072.0,190,2021-07-12 13:47:28
bike,0,351.0,190,2021-07-19 09:12:27
bike,0,288.0,190,2021-07-19 17:21:58
bike,0,320.0,190,2021-07-26 17:16:13
bike,0,208.0,190,2021-07-05 16:49:44
bike,0,244.0,190,2021-07-26 07:40:41
bike,0,536.0,190,2021-07-12 16:23:26
bike,0,191.0,190,2021-07-19 08:03:34
bike,0,1689.0,190,2021-07-05 14:09:04
bike,0,251.0,190,2021-07-19 20:06:08
bike,0,894.0,190,2021-07-19 08:30:59
bike,0,308.0,190,2021-07-12 22:54:20
bike,0,839.0,190,2021-07-05 20:37:01
bike,0,828.0,190,2021-07-05 20:37:28
bike,0,675.0,190,2021-07-12 10:27:20
bike,0,304.0,190,2021-07-26 07:18:12
bike,0,1224.0,190,2021-07-12 09:09:08
bike,0,820.0,190,2021-07-05 11:16:56
bike,0,835.0,190,2021-07-26 12:53:23
bike,0,1925.0,190,2021-07-19 21:09:07
bike,0,1790.0,190,2021-07-19 21:11:40
bike,0,1188.0,190,2021-07-12 15:30:57
bike,0,1377.0,190,2021-07-26 14:07:18
bike,0,2690.0,190,2021-07-26 18:35:23
bike,0,265.0,190,2021-07-05 18:02:08
bike,0,183.0,190,2021-07-19 20:37:56
bike,0,365.0,190,2021-07-05 18:01:51
bike,0,190.0,190,2021-07-05 14:26:08
bike,0,296.0,190,2021-07-05 18:01:56
bike,0,452.0,190,2021-07-26 14:00:57
bike,0,493.0,190,2021-07-26 14:10:52
bike,0,1894.0,190,2021-07-26 17:35:41
bike,0,578.0,190,2021-07-26 15:05:32
bike,0,536.0,190,2021-07-12 15:14:43
bike,0,494.0,190,2021-07-26 18:58:49
bike,0,668.0,190,2021-07-26 18:20:28
bike,0,910.0,190,2021-07-26 21:27:14
bike,0,762.0,190,2021-07-19 20:13:09
bike,0,670.0,190,2021-07-19 17:33:56
bike,0,827.0,190,2021-07-12 19:29:16
bike,0,1855.0,190,2021-07-05 18:47:42
bike,0,185.0,190,2021-07-26 09:46:41
bike,0,886.0,190,2021-07-26 12:39:48
bike,0,627.0,190,2021-07-26 14:36:10
bike,0,1066.0,190,2021-07-19 15:53:28
bike,0,809.0,190,2021-07-19 09:33:13
bike,0,840.0,190,2021-07-19 18:13:12
bike,0,1073.0,190,2021-07-19 15:53:30
bike,0,1078.0,190,2021-07-26 15:35:07
bike,0,671.0,190,2021-07-19 14:25:29
bike,0,765.0,190,2021-07-12 17:34:28
bike,0,1190.0,190,2021-07-12 14:52:13
bike,0,81.0,190,2021-07-19 18:58:06
bike,0,579.0,190,2021-07-19 07:35:31
bike,0,403.0,190,2021-07-19 23:09:13
bike,0,435.0,190,2021-07-19 12:57:00
bike,0,502.0,190,2021-07-19 08:44:47
bike,0,656.0,190,2021-07-12 09:03:32
bike,0,503.0,190,2021-07-12 17:55:27
bike,0,1151.0,190,2021-07-12 12:03:32
bike,0,2261.0,190,2021-07-05 10:25:30
bike,0,532.0,190,2021-07-19 18:20:07
bike,0,1751.0,190,2021-07-26 16:31:03
bike,0,788.0,190,2021-07-12 11:24:45
bike,0,2154.0,190,2021-07-12 20:21:53
bike,0,990.0,190,2021-07-05 09:00:30
bike,0,1521.0,190,2021-07-05 16:25:56
bike,0,874.0,190,2021-07-19 19:39:14
bike,0,887.0,190,2021-07-19 19:39:06
bike,0,3907.0,190,2021-07-12 14:11:03
bike,0,430.0,190,2021-07-19 09:48:04
bike,0,185.0,190,2021-07-26 11:26:20
bike,0,166.0,190,2021-07-05 17:14:25
bike,0,1737.0,190,2021-07-26 13:37:25
bike,0,730.0,190,2021-07-19 13:10:22
bike,0,362.0,190,2021-07-26 14:05:05
bike,0,1124.0,190,2021-07-05 12:16:46
bike,0,641.0,190,2021-07-19 09:28:46
bike,0,289.0,190,2021-07-12 17:32:40
bike,0,269.0,190,2021-07-26 21:35:58
bike,0,253.0,190,2021-07-05 00:15:52
bike,0,5711.0,190,2021-07-19 16:29:28
bike,0,2426.0,190,2021-07-26 16:39:50
bike,0,403.0,190,2021-07-12 12:04:09
bike,0,2566.0,190,2021-07-05 13:49:54
bike,0,229.0,190,2021-07-26 22:28:08
bike,0,2634.0,190,2021-07-26 23:57:22
bike,0,5631.0,190,2021-07-19 16:30:08
bike,0,287.0,190,2021-07-19 13:58:25
bike,0,414.0,190,2021-07-12 08:49:48
bike,0,1049.0,190,2021-07-05 16:28:38
bike,0,1007.0,190,2021-07-05 16:29:11
bike,0,286.0,190,2021-07-12 13:16:48
bike,0,281.0,190,2021-07-12 18:37:20
bike,0,425.0,190,2021-07-19 18:28:11
bike,0,1001.0,190,2021-07-19 15:15:29
bike,0,3581.0,190,2021-07-19 18:58:55
bike,0,241.0,190,2021-07-26 01:51:45
bike,0,1024.0,190,2021-07-19 17:47:46
bike,0,261.0,190,2021-07-26 15:54:50
bike,0,1027.0,190,2021-07-05 18:37:01
bike,0,483.0,190,2021-07-19 17:55:28
bike,0,1014.0,190,2021-07-19 17:10:50
bike,0,231.0,190,2021-07-12 18:34:24
bike,0,1091.0,190,2021-07-26 15:07:59
bike,0,1152.0,190,2021-07-05 13:11:55
bike,0,726.0,190,2021-07-12 08:53:43
bike,0,656.0,190,2021-07-19 13:11:42
bike,0,357.0,190,2021-07-12 19:10:35
bike,0,322.0,190,2021-07-26 19:27:24
bike,0,309.0,190,2021-07-19 08:16:36
bike,0,286.0,190,2021-07-05 13:48:05
bike,0,2877.0,190,2021-07-12 17:33:54
bike,0,2562.0,190,2021-07-05 13:53:39
bike,0,154.0,190,2021-07-19 17:36:07
bike,0,1651.0,190,2021-07-19 21:14:29
bike,0,264.0,190,2021-07-26 12:05:48
bike,0,2112.0,190,2021-07-19 08:37:46
bike,0,1542.0,190,2021-07-19 18:02:01
bike,0,203.0,190,2021-07-05 14:34:30
bike,0,51809.0,190,2021-07-12 19:16:15
bike,0,1321.0,190,2021-07-05 18:07:56
bike,0,625.0,190,2021-07-05 19:45:50
bike,0,137.0,190,2021-07-05 20:09:05
bike,0,171.0,190,2021-07-26 22:56:23
bike,0,565.0,190,2021-07-26 22:21:28
bike,0,476.0,190,2021-07-26 08:32:38
bike,0,527.0,190,2021-07-12 15:52:00
bike,0,539.0,190,2021-07-05 09:07:56
bike,0,1583.0,190,2021-07-19 07:36:55
bike,0,623.0,190,2021-07-26 18:52:52
bike,0,650.0,190,2021-07-19 18:28:38
bike,0,1520.0,190,2021-07-26 07:06:34
bike,0,1403.0,190,2021-07-12 22:08:10
bike,0,537.0,190,2021-07-12 08:49:20
bike,0,1384.0,190,2021-07-12 22:08:26
bike,0,352.0,190,2021-07-19 09:06:04
bike,0,329.0,190,2021-07-19 09:10:46
bike,0,248.0,190,2021-07-12 10:26:28
bike,0,304.0,190,2021-07-05 10:17:07
bike,0,926.0,190,2021-07-05 13:51:21
bike,0,302.0,190,2021-07-12 20:05:10
bike,0,389.0,190,2021-07-19 12:04:53
bike,0,968.0,190,2021-07-05 13:50:27
bike,0,1303.0,190,2021-07-05 11:30:11
bike,0,652.0,190,2021-07-19 18:50:10
bike,0,1413.0,190,2021-07-19 16:06:48
bike,0,836.0,190,2021-07-26 18:33:28
bike,0,789.0,190,2021-07-19 14:23:20
bike,0,549.0,190,2021-07-26 18:26:46
bike,0,817.0,190,2021-07-05 23:51:56
bike,0,472.0,190,2021-07-26 16:18:07
bike,0,794.0,190,2021-07-26 21:46:11
bike,0,4272.0,190,2021-07-19 23:38:59
bike,0,2589.0,190,2021-07-05 13:51:50
bike,0,1270.0,190,2021-07-19 08:06:55
bike,0,710.0,190,2021-07-19 20:24:19
bike,0,2343.0,190,2021-07-12 08:13:40
bike,0,767.0,190,2021-07-26 20:13:23
bike,0,1025.0,190,2021-07-05 17:37:46
bike,0,957.0,190,2021-07-05 17:39:37
bike,0,1511.0,190,2021-07-26 18:01:10
bike,0,960.0,190,2021-07-19 21:16:09
bike,0,927.0,190,2021-07-12 08:43:00
bike,0,385.0,190,2021-07-05 21:18:08
bike,0,337.0,190,2021-07-12 08:36:10
bike,0,1282.0,190,2021-07-19 13:51:41
bike,0,248.0,190,2021-07-26 19:56:15
bike,0,902.0,190,2021-07-19 07:48:25
bike,0,666.0,190,2021-07-26 22:18:36
bike,0,785.0,190,2021-07-19 20:14:45
bike,0,1810.0,190,2021-07-26 19:03:53
bike,0,377.0,190,2021-07-12 17:09:00
bike,0,569.0,190,2021-07-19 06:06:56
bike,0,479.0,190,2021-07-19 20:37:58
bike,0,2138.0,190,2021-07-05 15:57:27
bike,0,265.0,190,2021-07-12 20:43:01
bike,0,7497.0,190,2021-07-05 19:22:10
bike,0,198.0,190,2021-07-26 20:08:25
bike,0,1027.0,190,2021-07-05 04:55:18
bike,0,905.0,190,2021-07-12 11:30:29
bike,0,1741.0,190,2021-07-12 09:01:13
bike,0,1638.0,190,2021-07-26 10:00:14
bike,0,784.0,190,2021-07-12 19:18:10
bike,0,1569.0,190,2021-07-19 11:06:28
bike,0,332.0,190,2021-07-19 18:52:25
bike,0,627.0,190,2021-07-19 22:35:02
bike,0,1192.0,190,2021-07-12 12:43:20
bike,0,623.0,190,2021-07-19 22:34:52
bike,0,1310.0,190,2021-07-26 13:27:49
bike,0,474.0,190,2021-07-05 12:46:26
bike,0,475.0,190,2021-07-26 19:37:01
bike,0,400.0,190,2021-07-05 12:47:00
bike,0,573.0,190,2021-07-19 11:09:17
bike,0,142.0,190,2021-07-26 19:11:20
bike,0,224.0,190,2021-07-05 19:16:34
bike,0,207.0,190,2021-07-26 12:33:58
bike,0,745.0,190,2021-07-26 09:28:15
bike,0,191.0,190,2021-07-05 16:33:17
bike,0,685.0,190,2021-07-26 16:36:15
bike,0,258.0,190,2021-07-26 08:40:45
bike,0,375.0,190,2021-07-12 23:09:39
bike,0,1229.0,190,2021-07-19 22:49:03
bike,0,1210.0,190,2021-07-19 22:49:12
bike,0,184.0,190,2021-07-12 13:55:17
bike,0,644.0,190,2021-07-26 15:11:30
bike,0,148.0,190,2021-07-26 07:47:53
bike,0,1235.0,190,2021-07-19 22:49:21
bike,0,808.0,190,2021-07-19 11:42:00
bike,0,1294.0,190,2021-07-19 18:24:51
bike,0,378.0,190,2021-07-26 08:48:42
bike,0,233.0,190,2021-07-26 21:18:37
bike,0,157.0,190,2021-07-19 11:58:46
bike,0,401.0,190,2021-07-19 15:04:48
bike,0,1318.0,190,2021-07-19 18:24:30
bike,0,967.0,190,2021-07-19 14:31:47
bike,0,263.0,190,2021-07-26 20:45:25
bike,0,355.0,190,2021-07-26 19:58:22
bike,0,2958.0,190,2021-07-05 20:19:29
bike,0,901.0,190,2021-07-05 15:03:43
bike,0,945.0,190,2021-07-26 07:42:29
bike,0,3056.0,190,2021-07-19 17:11:05
bike,0,1149.0,190,2021-07-05 00:18:14
bike,0,3189.0,190,2021-07-05 19:04:29
bike,0,2901.0,190,2021-07-26 21:27:16
bike,0,206.0,190,2021-07-19 17:10:24
bike,0,739.0,190,2021-07-19 06:10:13
bike,0,3760.0,190,2021-07-26 11:29:00
bike,0,105.0,190,2021-07-05 13:41:17
bike,0,30.0,190,2021-07-12 16:01:57
bike,0,1899.0,190,2021-07-26 13:45:07
bike,0,6570.0,190,2021-07-12 22:16:04
bike,0,1460.0,190,2021-07-05 19:58:52
bike,0,1772.0,190,2021-07-26 19:25:59
bike,0,718.0,190,2021-07-26 16:11:27
bike,0,1328.0,190,2021-07-19 22:48:41
bike,0,2993.0,190,2021-07-19 17:11:55
bike,0,795.0,190,2021-07-26 06:11:22
bike,0,84.0,190,2021-07-26 13:55:22
bike,0,3731.0,190,2021-07-05 18:55:38
bike,0,1365.0,190,2021-07-12 15:23:32
bike,0,842.0,190,2021-07-05 23:39:10
bike,0,125.0,190,2021-07-12 20:07:19
bike,0,150.0,190,2021-07-19 17:57:38
bike,0,168.0,190,2021-07-26 17:41:59
bike,0,1693.0,190,2021-07-05 18:12:41
bike,0,1888.0,190,2021-07-05 15:58:48
bike,0,396.0,190,2021-07-26 19:27:57
bike,0,1744.0,190,2021-07-05 18:12:01
bike,0,202.0,190,2021-07-12 08:14:43
bike,0,1710.0,190,2021-07-26 17:06:25
bike,0,613.0,190,2021-07-05 15:56:46
bike,0,137.0,190,2021-07-12 11:01:34
bike,0,114.0,190,2021-07-12 10:48:09
bike,0,120.0,190,2021-07-19 00:48:40
bike,0,129.0,190,2021-07-12 10:54:51
bike,0,88.0,190,2021-07-12 11:23:24
bike,0,110.0,190,2021-07-19 09:34:38
bike,0,118.0,190,2021-07-19 09:07:11
bike,0,118.0,190,2021-07-19 09:20:32
bike,0,192.0,190,2021-07-26 16:26:42
bike,0,325.0,190,2021-07-19 17:40:33
bike,0,2170.0,190,2021-07-26 16:18:51
bike,0,349.0,190,2021-07-26 20:22:39
bike,0,684.0,190,2021-07-05 22:48:35
bike,0,358.0,190,2021-07-26 08:34:41
bike,0,450.0,190,2021-07-19 12:07:23
bike,0,2131.0,190,2021-07-26 16:18:21
bike,0,1710.0,190,2021-07-12 08:47:16
bike,0,1044.0,190,2021-07-12 13:05:37
bike,0,4258.0,190,2021-07-05 18:40:23
bike,0,1083.0,190,2021-07-05 19:57:41
bike,0,886.0,190,2021-07-12 07:34:49
bike,0,1021.0,190,2021-07-26 17:12:33
bike,0,1223.0,190,2021-07-19 17:10:57
bike,0,555.0,190,2021-07-12 20:51:19
bike,0,549.0,190,2021-07-19 21:03:37
bike,0,2842.0,190,2021-07-05 16:24:53
bike,0,515.0,190,2021-07-26 20:58:12
bike,0,1508.0,190,2021-07-05 16:39:12
bike,0,2782.0,190,2021-07-05 16:25:50
bike,0,522.0,190,2021-07-05 17:54:54
bike,0,1681.0,190,2021-07-26 17:12:35
bike,0,1328.0,190,2021-07-05 11:44:44
bike,0,7069.0,190,2021-07-05 17:19:20
bike,0,2397.0,190,2021-07-12 18:49:51
bike,0,50.0,190,2021-07-05 13:14:53
bike,0,1603.0,190,2021-07-05 21:22:41
bike,0,338.0,190,2021-07-05 16:14:40
bike,0,69.0,190,2021-07-26 06:28:18
bike,0,1673.0,190,2021-07-19 20:27:01
bike,0,3608.0,190,2021-07-19 17:01:33
bike,0,35.0,190,2021-07-26 18:37:48
bike,0,3214.0,190,2021-07-19 19:58:36
bike,0,1650.0,190,2021-07-05 20:33:27
bike,0,1695.0,190,2021-07-19 21:47:34
bike,0,1567.0,190,2021-07-19 20:28:59
bike,0,2333.0,190,2021-07-12 16:25:53
bike,0,3190.0,190,2021-07-19 17:08:48
bike,0,2728.0,190,2021-07-12 16:18:48
bike,0,1592.0,190,2021-07-26 18:24:57
bike,0,546.0,190,2021-07-26 12:46:25
bike,0,2245.0,190,2021-07-05 13:57:04
bike,0,559.0,190,2021-07-19 12:35:55
bike,0,297.0,190,2021-07-12 10:53:38
bike,0,331.0,190,2021-07-12 19:21:07
bike,0,517.0,190,2021-07-05 18:39:23
bike,0,1257.0,190,2021-07-26 10:33:46
bike,0,303.0,190,2021-07-12 13:27:46
bike,0,342.0,190,2021-07-19 18:54:37
bike,0,337.0,190,2021-07-12 15:23:40
bike,0,500.0,190,2021-07-05 19:49:13
bike,0,818.0,190,2021-07-05 18:03:42
bike,0,246.0,190,2021-07-26 09:49:39
bike,0,435.0,190,2021-07-05 18:40:44
bike,0,80.0,190,2021-07-26 19:09:21
bike,0,1601.0,190,2021-07-26 19:11:23
bike,0,386.0,190,2021-07-26 17:01:46
bike,0,2204.0,190,2021-07-05 13:57:54
bike,0,1950.0,190,2021-07-05 15:13:11
bike,0,8290.0,190,2021-07-12 12:22:31
bike,0,1129.0,190,2021-07-05 21:24:50
bike,0,1594.0,190,2021-07-26 18:24:57
bike,0,1126.0,190,2021-07-05 15:17:39
bike,0,1115.0,190,2021-07-05 15:17:38
bike,0,1512.0,190,2021-07-05 18:51:49
bike,0,998.0,190,2021-07-26 16:48:08
bike,0,712.0,190,2021-07-12 14:36:41
bike,0,1416.0,190,2021-07-26 10:32:20
bike,0,1686.0,190,2021-07-05 14:45:10
bike,0,1638.0,190,2021-07-05 14:46:25
bike,0,3030.0,190,2021-07-05 18:40:45
bike,0,2320.0,190,2021-07-05 17:34:12
bike,0,4497.0,190,2021-07-05 19:38:43
bike,0,1821.0,190,2021-07-05 09:44:20
bike,0,1841.0,190,2021-07-19 19:02:58
bike,0,23.0,190,2021-07-05 13:15:10
bike,0,81.0,190,2021-07-26 09:43:14
bike,0,150.0,190,2021-07-26 09:45:28
bike,0,1288.0,190,2021-07-19 08:13:26
bike,0,2675.0,190,2021-07-26 06:30:06
bike,0,1314.0,190,2021-07-05 21:32:41
bike,0,1339.0,190,2021-07-05 21:58:31
bike,0,5550.0,190,2021-07-05 10:18:26
bike,0,1906.0,190,2021-07-26 18:39:13
bike,0,2355.0,190,2021-07-12 18:18:53
bike,0,53.0,190,2021-07-26 18:48:51
bike,0,1958.0,190,2021-07-05 20:17:04
bike,0,956.0,190,2021-07-05 07:13:58
bike,0,900.0,190,2021-07-19 07:29:36
bike,0,1750.0,190,2021-07-05 18:49:22
bike,0,97.0,190,2021-07-05 20:44:36
bike,0,73.0,190,2021-07-26 20:09:57
bike,0,2869.0,190,2021-07-12 15:55:24
bike,0,2045.0,190,2021-07-19 21:25:49
bike,0,1392.0,190,2021-07-05 21:18:51
bike,0,1420.0,190,2021-07-05 20:49:22
bike,0,1116.0,190,2021-07-05 01:58:29
bike,0,1060.0,190,2021-07-26 19:56:47
bike,0,1118.0,190,2021-07-05 21:24:49
bike,0,1055.0,190,2021-07-05 10:53:31
bike,0,98.0,190,2021-07-05 21:20:17
bike,0,3.0,190,2021-07-12 19:03:04
bike,0,712.0,190,2021-07-05 22:29:35
bike,0,2492.0,190,2021-07-26 10:30:36
bike,0,1146.0,190,2021-07-19 10:25:38
bike,0,556.0,190,2021-07-12 19:21:48
bike,0,1601.0,190,2021-07-12 19:14:59
bike,0,1529.0,190,2021-07-12 19:16:00
bike,0,2195.0,190,2021-07-19 19:16:42
bike,0,790.0,190,2021-07-05 18:04:23
bike,0,285.0,190,2021-07-26 14:39:21
bike,0,224.0,190,2021-07-26 14:30:51
bike,0,1775.0,190,2021-07-05 08:31:26
bike,0,267.0,190,2021-07-05 18:36:44
bike,0,388.0,190,2021-07-19 14:44:18
bike,0,2093.0,190,2021-07-19 20:50:41
bike,0,1073.0,190,2021-07-05 13:38:47
bike,0,361.0,190,2021-07-26 11:33:17
bike,0,365.0,190,2021-07-05 17:09:57
bike,0,1421.0,190,2021-07-05 14:30:42
bike,0,754.0,190,2021-07-05 19:01:51
bike,0,348.0,190,2021-07-19 21:09:59
bike,0,1448.0,190,2021-07-05 11:00:00
bike,0,1192.0,190,2021-07-05 16:00:45
bike,0,2888.0,190,2021-07-12 15:55:19
bike,0,82.0,190,2021-07-19 21:11:54
bike,0,254.0,190,2021-07-19 21:05:59
bike,0,982.0,190,2021-07-19 17:08:50
bike,0,952.0,190,2021-07-19 09:59:03
bike,0,385.0,190,2021-07-12 10:38:34
bike,0,969.0,190,2021-07-12 11:19:35
bike,0,476.0,190,2021-07-05 20:35:19
bike,0,464.0,190,2021-07-05 15:07:58
bike,0,1279.0,190,2021-07-26 13:35:29
bike,0,232.0,190,2021-07-12 13:20:16
bike,0,412.0,190,2021-07-05 15:44:15
bike,0,1363.0,190,2021-07-05 22:47:04
bike,0,2211.0,190,2021-07-19 16:24:32
bike,0,1598.0,190,2021-07-26 09:00:09
bike,0,445.0,190,2021-07-26 10:17:08
bike,0,1040.0,190,2021-07-05 13:39:35
bike,0,404.0,190,2021-07-05 15:44:32
bike,0,208.0,190,2021-07-26 17:48:46
bike,0,1230.0,190,2021-07-26 18:11:04
bike,0,262.0,190,2021-07-12 09:01:37
bike,0,1517.0,190,2021-07-05 18:47:41
bike,0,338.0,190,2021-07-05 12:39:08
bike,0,225.0,190,2021-07-26 07:20:16
bike,0,214.0,190,2021-07-26 21:52:52
bike,0,182.0,190,2021-07-05 12:45:35
bike,0,271.0,190,2021-07-26 19:08:52
bike,0,1289.0,190,2021-07-19 20:28:04
bike,0,450.0,190,2021-07-19 19:26:27
bike,0,548.0,190,2021-07-05 16:38:40
bike,0,573.0,190,2021-07-05 17:54:28
bike,0,184.0,190,2021-07-26 08:33:39
bike,0,264.0,190,2021-07-26 19:26:21
bike,0,267.0,190,2021-07-26 19:17:25
bike,0,305.0,190,2021-07-19 09:12:43
bike,0,292.0,190,2021-07-19 09:40:03
bike,0,325.0,190,2021-07-19 09:26:12
bike,0,496.0,190,2021-07-05 19:49:13
bike,0,2550.0,190,2021-07-12 06:46:51
bike,0,305.0,190,2021-07-05 12:39:11
bike,0,845.0,190,2021-07-19 14:06:29
bike,0,885.0,190,2021-07-05 17:24:59
bike,0,1254.0,190,2021-07-19 09:15:58
bike,0,808.0,190,2021-07-26 17:45:00
bike,0,974.0,190,2021-07-19 18:57:04
bike,0,489.0,190,2021-07-05 12:50:38
bike,0,1051.0,190,2021-07-19 10:54:17
bike,0,2558.0,190,2021-07-26 16:21:03
bike,0,3459.0,190,2021-07-19 17:07:33
bike,0,330.0,190,2021-07-05 14:27:48
bike,0,181.0,190,2021-07-05 14:38:00
bike,0,2256.0,190,2021-07-05 17:35:06
bike,0,1799.0,190,2021-07-05 15:50:54
bike,0,1113.0,190,2021-07-19 18:17:43
bike,0,1519.0,190,2021-07-05 18:02:40
bike,0,1906.0,190,2021-07-26 18:34:49
bike,0,110.0,190,2021-07-26 13:38:16
bike,0,1391.0,190,2021-07-05 20:49:31
bike,0,1390.0,190,2021-07-05 21:18:59
bike,0,38.0,190,2021-07-26 08:37:55
bike,0,2216.0,190,2021-07-26 13:58:22
bike,0,1300.0,190,2021-07-19 10:20:04
bike,0,1962.0,190,2021-07-26 14:45:40
bike,0,1811.0,190,2021-07-12 13:54:26
bike,0,1464.0,190,2021-07-19 18:29:00
bike,0,1291.0,190,2021-07-12 11:53:41
bike,0,4347.0,190,2021-07-05 13:45:41
bike,0,1711.0,190,2021-07-05 20:20:33
bike,0,129.0,190,2021-07-05 17:30:25
bike,0,92.0,190,2021-07-26 09:42:05
bike,0,1944.0,190,2021-07-19 20:24:24
bike,0,4125.0,190,2021-07-05 13:14:39
bike,0,6174.0,190,2021-07-05 17:11:15
bike,0,2145.0,190,2021-07-19 14:22:04
bike,0,2303.0,190,2021-07-26 22:16:46
bike,0,1475.0,190,2021-07-19 18:28:53
bike,0,177.0,190,2021-07-26 10:22:07
bike,0,2332.0,190,2021-07-26 09:42:30
bike,0,1872.0,190,2021-07-19 19:02:10
bike,0,58.0,190,2021-07-05 14:04:19
bike,0,2409.0,190,2021-07-05 18:48:56
bike,0,1712.0,190,2021-07-19 21:47:58
bike,0,867.0,190,2021-07-26 18:37:35
bike,0,186.0,190,2021-07-26 08:57:03
bike,0,1219.0,190,2021-07-12 23:49:44
bike,0,81.0,190,2021-07-26 08:59:36
bike,0,691.0,190,2021-07-19 19:40:05
bike,0,3320.0,190,2021-07-05 20:10:14
bike,0,1471.0,190,2021-07-19 19:46:46
bike,0,721.0,190,2021-07-19 19:44:18
bike,0,1291.0,190,2021-07-19 19:14:01
bike,0,1835.0,190,2021-07-26 16:10:29
bike,0,336.0,190,2021-07-05 00:26:00
bike,0,245.0,190,2021-07-26 09:06:24
bike,0,424.0,190,2021-07-19 15:04:58
bike,0,409.0,190,2021-07-12 15:28:00
bike,0,399.0,190,2021-07-12 16:07:08
bike,0,411.0,190,2021-07-26 14:19:40
bike,0,408.0,190,2021-07-12 15:27:45
bike,0,417.0,190,2021-07-05 10:19:30
bike,0,2937.0,190,2021-07-19 14:10:46
bike,0,87.0,190,2021-07-19 10:19:34
bike,0,1959.0,190,2021-07-12 16:38:12
bike,0,101.0,190,2021-07-19 19:22:10
bike,0,796.0,190,2021-07-05 21:56:13
bike,0,1269.0,190,2021-07-12 23:49:39
bike,0,2992.0,190,2021-07-19 15:13:08
bike,0,755.0,190,2021-07-12 16:39:56
bike,0,1438.0,190,2021-07-19 12:37:07
bike,0,2198.0,190,2021-07-12 09:08:37
bike,0,930.0,190,2021-07-19 20:23:17
bike,0,536.0,190,2021-07-26 18:42:31
bike,0,2004.0,190,2021-07-05 19:55:34
bike,0,440.0,190,2021-07-26 17:19:27
bike,0,222.0,190,2021-07-05 07:49:16
bike,0,349.0,190,2021-07-12 07:47:35
bike,0,340.0,190,2021-07-26 08:16:17
bike,0,127.0,190,2021-07-12 15:43:11
bike,0,155.0,190,2021-07-12 09:51:43
bike,0,125.0,190,2021-07-12 10:08:16
bike,0,1718.0,190,2021-07-12 08:02:00
bike,0,463.0,190,2021-07-19 12:22:38
bike,0,179.0,190,2021-07-26 11:03:07
bike,0,1306.0,190,2021-07-05 16:21:58
bike,0,1492.0,190,2021-07-19 11:10:06
bike,0,2190.0,190,2021-07-12 09:08:33
bike,0,140.0,190,2021-07-05 20:02:58
bike,0,3494.0,190,2021-07-19 17:09:49
bike,0,1027.0,190,2021-07-05 12:10:41
bike,0,2082.0,190,2021-07-05 21:21:20
bike,0,941.0,190,2021-07-05 10:28:25
bike,0,554.0,190,2021-07-19 08:49:36
bike,0,1551.0,190,2021-07-26 13:18:37
bike,0,350.0,190,2021-07-19 18:06:52
bike,0,331.0,190,2021-07-05 10:34:14
bike,0,1905.0,190,2021-07-19 12:21:59
bike,0,343.0,190,2021-07-05 15:43:55
bike,0,1513.0,190,2021-07-19 16:31:53
bike,0,389.0,190,2021-07-19 18:23:45
bike,0,755.0,190,2021-07-26 20:27:41
bike,0,1554.0,190,2021-07-05 12:14:23
bike,0,1838.0,190,2021-07-19 17:14:40
bike,0,1550.0,190,2021-07-05 12:14:19
bike,0,434.0,190,2021-07-26 12:20:56
bike,0,515.0,190,2021-07-05 14:58:23
bike,0,298.0,190,2021-07-12 08:15:26
bike,0,939.0,190,2021-07-19 08:32:10
bike,0,1172.0,190,2021-07-26 19:27:06
bike,0,3488.0,190,2021-07-19 18:31:11
bike,0,3093.0,190,2021-07-19 15:27:45
bike,0,1055.0,190,2021-07-05 19:58:08
bike,0,817.0,190,2021-07-05 01:39:18
bike,0,267.0,190,2021-07-19 08:22:27
bike,0,397.0,190,2021-07-26 11:20:31
bike,0,202.0,190,2021-07-19 15:47:56
bike,0,161.0,190,2021-07-26 15:00:55
bike,0,149.0,190,2021-07-26 21:52:04
bike,0,270.0,190,2021-07-12 16:03:17
bike,0,361.0,190,2021-07-12 16:01:49
bike,0,549.0,190,2021-07-19 19:59:29
bike,0,137.0,190,2021-07-12 16:51:57
bike,0,5560.0,190,2021-07-19 18:46:49
bike,0,450.0,190,2021-07-19 18:49:08
bike,0,592.0,190,2021-07-12 13:39:17
bike,0,605.0,190,2021-07-19 17:01:40
bike,0,666.0,190,2021-07-12 19:03:01
bike,0,224.0,190,2021-07-05 12:58:35
bike,0,1595.0,190,2021-07-19 00:20:26
bike,0,714.0,190,2021-07-12 19:02:24
bike,0,3443.0,190,2021-07-12 11:50:17
bike,0,210.0,190,2021-07-12 20:41:48
bike,0,241.0,190,2021-07-26 07:36:23
bike,0,1070.0,190,2021-07-19 15:42:11
bike,0,2857.0,190,2021-07-19 17:28:23
bike,0,3448.0,190,2021-07-26 15:06:36
bike,0,739.0,190,2021-07-12 06:58:05
bike,0,43.0,190,2021-07-19 13:20:25
bike,0,22.0,190,2021-07-19 13:21:37
bike,0,186.0,190,2021-07-05 12:07:05
bike,0,64.0,190,2021-07-12 19:27:05
bike,0,738.0,190,2021-07-05 15:40:08
bike,0,984.0,190,2021-07-19 07:21:59
bike,0,25.0,190,2021-07-05 09:01:33
bike,0,876.0,190,2021-07-12 20:13:37
bike,0,447.0,190,2021-07-19 18:33:26
bike,0,1750.0,190,2021-07-12 18:39:12
bike,0,1827.0,190,2021-07-05 16:39:12
bike,0,4367.0,190,2021-07-26 15:31:42
bike,0,1513.0,190,2021-07-05 16:45:08
bike,0,1859.0,190,2021-07-05 16:38:43
bike,0,45.0,190,2021-07-12 14:30:23
bike,0,1180.0,190,2021-07-05 18:12:23
bike,0,1343.0,190,2021-07-05 22:05:43
bike,0,1160.0,190,2021-07-26 18:16:20
bike,0,2216.0,190,2021-07-12 15:40:06
bike,0,73.0,190,2021-07-19 20:00:40
bike,0,616.0,190,2021-07-12 14:56:57
bike,0,1206.0,190,2021-07-05 15:11:26
bike,0,49.0,190,2021-07-05 19:08:28
bike,0,1683.0,190,2021-07-05 17:08:44
bike,0,2712.0,190,2021-07-05 14:11:02
bike,0,1393.0,190,2021-07-26 16:08:23
bike,0,1361.0,190,2021-07-26 16:09:05
bike,0,1540.0,190,2021-07-26 16:07:52
bike,0,1906.0,190,2021-07-05 17:05:16
bike,0,2685.0,190,2021-07-05 14:11:48
bike,0,2631.0,190,2021-07-12 08:59:26
bike,0,990.0,190,2021-07-12 14:56:06
bike,0,1522.0,190,2021-07-26 16:07:21
bike,0,1844.0,190,2021-07-26 16:07:42
bike,0,645.0,190,2021-07-26 13:51:13
bike,0,2742.0,190,2021-07-05 14:10:59
bike,0,2189.0,190,2021-07-05 15:53:01
bike,0,420.0,190,2021-07-19 10:08:10
bike,0,247.0,190,2021-07-26 10:05:58
bike,0,682.0,190,2021-07-26 20:59:39
bike,0,852.0,190,2021-07-12 12:56:45
bike,0,289.0,190,2021-07-12 20:14:35
bike,0,1239.0,190,2021-07-19 18:08:37
bike,0,1914.0,190,2021-07-12 08:23:03
bike,0,2692.0,190,2021-07-19 18:57:17
bike,0,3060.0,190,2021-07-26 18:43:08
bike,0,869.0,190,2021-07-05 13:37:49
bike,0,785.0,190,2021-07-26 12:32:52
bike,0,2608.0,190,2021-07-05 15:25:39
bike,0,3228.0,190,2021-07-19 07:24:23
bike,0,737.0,190,2021-07-05 09:59:35
bike,0,110.0,190,2021-07-19 16:40:38
bike,0,15.0,190,2021-07-05 11:11:34
bike,0,284.0,190,2021-07-05 12:40:26
bike,0,388.0,190,2021-07-05 17:15:19
bike,0,307.0,190,2021-07-05 08:57:20
bike,0,302.0,190,2021-07-19 14:41:12
bike,0,495.0,190,2021-07-26 14:37:47
bike,0,381.0,190,2021-07-05 12:39:21
bike,0,1037.0,190,2021-07-26 11:52:56
bike,0,928.0,190,2021-07-26 17:27:24
bike,0,5.0,190,2021-07-26 20:08:06
bike,0,207.0,190,2021-07-05 16:23:05
bike,0,281.0,190,2021-07-05 14:05:18
bike,0,896.0,190,2021-07-19 21:43:05
bike,0,621.0,190,2021-07-05 08:55:38
bike,0,571.0,190,2021-07-05 18:18:29
bike,0,31668.0,190,2021-07-26 08:31:30
bike,0,364.0,190,2021-07-12 17:29:16
bike,0,1034.0,190,2021-07-12 16:22:36
bike,0,1314.0,190,2021-07-26 01:05:27
bike,0,2943.0,190,2021-07-19 07:36:03
bike,0,2216.0,190,2021-07-05 15:06:06
bike,0,2181.0,190,2021-07-05 15:06:25
bike,0,1770.0,190,2021-07-05 18:40:47
bike,0,1006.0,190,2021-07-05 14:40:13
bike,0,3838.0,190,2021-07-05 10:31:02
bike,0,532.0,190,2021-07-26 22:25:48
bike,0,2226.0,190,2021-07-12 09:53:56
bike,0,896.0,190,2021-07-19 18:24:40
bike,0,759.0,190,2021-07-19 17:12:26
bike,0,798.0,190,2021-07-26 21:39:53
bike,0,2108.0,190,2021-07-26 22:31:30
bike,0,3097.0,190,2021-07-26 19:44:52
bike,0,89992.0,190,2021-07-19 12:45:24
bike,0,4621.0,190,2021-07-26 22:31:43
bike,0,2280.0,190,2021-07-26 07:19:40
bike,0,938.0,190,2021-07-26 19:49:30
bike,0,30374.0,190,2021-07-05 11:05:24
bike,0,1408.0,190,2021-07-12 14:18:31
bike,0,3417.0,190,2021-07-19 17:38:15
bike,0,827.0,190,2021-07-12 21:15:55
bike,0,1157.0,190,2021-07-19 14:57:33
bike,0,835.0,190,2021-07-05 22:36:06
bike,0,2665.0,190,2021-07-19 00:24:24
bike,0,2519.0,190,2021-07-19 18:26:36
bike,0,842.0,190,2021-07-05 10:42:11
bike,0,2351.0,190,2021-07-26 20:57:24
bike,0,676.0,190,2021-07-05 16:59:14
bike,0,2348.0,190,2021-07-19 20:18:33
bike,0,572.0,190,2021-07-12 11:09:37
bike,0,720.0,190,2021-07-05 21:24:42
bike,0,37005.0,190,2021-07-12 23:49:34
bike,0,2181.0,190,2021-07-19 08:19:25
bike,0,699.0,190,2021-07-19 09:24:32
bike,0,1006.0,190,2021-07-19 09:10:51
bike,0,633.0,190,2021-07-12 15:25:31
bike,0,1951.0,190,2021-07-05 16:12:49
bike,0,650.0,190,2021-07-19 18:39:13
bike,0,464.0,190,2021-07-19 06:45:35
bike,0,792.0,190,2021-07-05 21:17:36
bike,0,643.0,190,2021-07-19 19:02:25
bike,0,353.0,190,2021-07-12 09:19:15
bike,0,887.0,190,2021-07-12 16:33:17
bike,0,621.0,190,2021-07-26 17:52:07
bike,0,341.0,190,2021-07-05 14:53:47
bike,0,418.0,190,2021-07-05 14:52:27
bike,0,611.0,190,2021-07-26 10:48:41
bike,0,1500.0,190,2021-07-05 18:28:24
bike,0,1480.0,190,2021-07-05 18:28:24
bike,0,581.0,190,2021-07-26 08:19:54
bike,0,985.0,190,2021-07-05 16:31:14
bike,0,456.0,190,2021-07-19 14:24:47
bike,0,839.0,190,2021-07-26 13:54:41
bike,0,1075.0,190,2021-07-26 12:49:41
bike,0,119.0,190,2021-07-12 19:07:17
bike,0,557.0,190,2021-07-12 19:53:35
bike,0,3546.0,190,2021-07-12 19:03:57
bike,0,390.0,190,2021-07-26 16:26:43
bike,0,622.0,190,2021-07-26 14:54:56
bike,0,721.0,190,2021-07-26 15:02:01
bike,0,565.0,190,2021-07-12 00:22:35
bike,0,558.0,190,2021-07-26 18:13:43
bike,0,1049.0,190,2021-07-19 23:03:39
bike,0,757.0,190,2021-07-05 15:44:09
bike,0,6799.0,190,2021-07-05 17:10:41
bike,0,1220.0,190,2021-07-19 19:27:08
bike,0,1047.0,190,2021-07-05 09:28:09
bike,0,961.0,190,2021-07-19 16:33:51
bike,0,2244.0,190,2021-07-26 18:04:48
bike,0,966.0,190,2021-07-05 14:02:49
bike,0,485.0,190,2021-07-26 17:08:20
bike,0,436.0,190,2021-07-26 14:19:34
bike,0,837.0,190,2021-07-19 17:37:27
bike,0,843.0,190,2021-07-19 17:37:15
bike,0,917.0,190,2021-07-26 17:49:47
bike,0,1940.0,190,2021-07-12 17:22:19
bike,0,778.0,190,2021-07-12 08:40:57
bike,0,172.0,190,2021-07-05 16:16:25
bike,0,487.0,190,2021-07-26 10:17:15
bike,0,658.0,190,2021-07-05 08:55:14
bike,0,112.0,190,2021-07-12 18:32:40
bike,0,2296.0,190,2021-07-05 13:44:00
bike,0,2314.0,190,2021-07-05 13:43:46
bike,0,311.0,190,2021-07-05 11:25:04
bike,0,127.0,190,2021-07-12 14:35:35
bike,0,666.0,190,2021-07-19 03:42:07
bike,0,364.0,190,2021-07-19 17:42:30
bike,0,162.0,190,2021-07-26 13:32:24
bike,0,3245.0,190,2021-07-19 12:24:04
bike,0,575.0,190,2021-07-19 20:02:15
bike,0,238.0,190,2021-07-26 15:05:20
bike,0,152.0,190,2021-07-05 18:03:16
bike,0,935.0,190,2021-07-19 08:31:13
bike,0,941.0,190,2021-07-19 13:58:57
bike,0,887.0,190,2021-07-12 09:41:54
bike,0,132.0,190,2021-07-19 13:48:50
bike,0,676.0,190,2021-07-19 13:23:01
bike,0,755.0,190,2021-07-26 13:20:55
bike,0,908.0,190,2021-07-05 16:15:40
bike,0,795.0,190,2021-07-19 19:46:18
bike,0,769.0,190,2021-07-05 16:50:44
bike,0,930.0,190,2021-07-05 16:15:22
bike,0,1203.0,190,2021-07-26 15:28:38
bike,0,839.0,190,2021-07-26 20:21:17
bike,0,570.0,190,2021-07-12 10:52:46
bike,0,825.0,190,2021-07-05 16:28:11
bike,0,1298.0,190,2021-07-12 13:28:25
bike,0,2104.0,190,2021-07-26 18:00:36
bike,0,2102.0,190,2021-07-26 17:52:19
bike,0,800.0,190,2021-07-26 09:15:36
bike,0,1433.0,190,2021-07-19 20:54:24
bike,0,926.0,190,2021-07-05 14:41:31
bike,0,1773.0,190,2021-07-05 18:59:22
bike,0,1630.0,190,2021-07-05 14:44:46
bike,0,1470.0,190,2021-07-19 17:49:34
bike,0,2054.0,190,2021-07-19 16:55:21
bike,0,2701.0,190,2021-07-19 17:23:19
bike,0,362.0,190,2021-07-19 19:46:32
bike,0,952.0,190,2021-07-05 22:18:23
bike,0,771.0,190,2021-07-05 15:54:46
bike,0,797.0,190,2021-07-19 19:40:09
bike,0,2245.0,190,2021-07-19 05:58:55
bike,0,984.0,190,2021-07-12 10:12:50
bike,0,1515.0,190,2021-07-19 16:56:39
bike,0,628.0,190,2021-07-05 15:56:51
bike,0,2158.0,190,2021-07-19 13:06:39
bike,0,617.0,190,2021-07-26 17:39:35
bike,0,3389.0,190,2021-07-05 19:59:42
bike,0,211.0,190,2021-07-05 11:56:20
bike,0,758.0,190,2021-07-19 21:33:10
bike,0,984.0,190,2021-07-12 15:41:25
bike,0,929.0,190,2021-07-05 14:58:33
bike,0,2013.0,190,2021-07-19 14:55:28
bike,0,1756.0,190,2021-07-19 18:37:18
bike,0,889.0,190,2021-07-26 09:33:08
bike,0,981.0,190,2021-07-12 10:05:47
bike,0,1415.0,190,2021-07-26 01:52:54
bike,0,512.0,190,2021-07-19 18:31:43
bike,0,1004.0,190,2021-07-26 14:32:04
bike,0,4833.0,190,2021-07-26 18:50:13
bike,0,437.0,190,2021-07-19 09:17:05
bike,0,338.0,190,2021-07-26 11:14:14
bike,0,799.0,190,2021-07-12 23:36:33
bike,0,1423.0,190,2021-07-26 18:50:39
bike,0,1684.0,190,2021-07-05 09:32:37
bike,0,673.0,190,2021-07-12 17:34:38
bike,0,886.0,190,2021-07-19 08:42:09
bike,0,2282.0,190,2021-07-19 18:52:58
bike,0,3630.0,190,2021-07-19 15:36:22
bike,0,588.0,190,2021-07-19 19:37:23
bike,0,180.0,190,2021-07-05 16:21:08
bike,0,743.0,190,2021-07-12 13:54:50
bike,0,762.0,190,2021-07-26 20:03:02
bike,0,432.0,190,2021-07-05 16:42:01
bike,0,1266.0,190,2021-07-26 22:34:07
bike,0,3672.0,190,2021-07-26 07:38:46
bike,0,875.0,190,2021-07-05 19:34:12
bike,0,585.0,190,2021-07-12 08:55:19
bike,0,2786.0,190,2021-07-05 17:11:03
bike,0,2025.0,190,2021-07-05 11:06:01
bike,0,3113.0,190,2021-07-19 22:39:00
bike,0,745.0,190,2021-07-12 15:22:35
bike,0,1767.0,190,2021-07-19 20:39:56
bike,0,2809.0,190,2021-07-05 17:10:45
bike,0,487.0,190,2021-07-12 11:13:51
bike,0,2022.0,190,2021-07-05 11:05:53
bike,0,677.0,190,2021-07-05 14:29:05
bike,0,582.0,190,2021-07-12 16:48:44
bike,0,470.0,190,2021-07-05 08:52:30
bike,0,631.0,190,2021-07-19 07:44:01
bike,0,1109.0,190,2021-07-12 02:16:55
bike,0,494.0,190,2021-07-05 16:11:22
bike,0,853.0,190,2021-07-05 16:51:06
bike,0,1249.0,190,2021-07-05 19:29:53
bike,0,513.0,190,2021-07-12 16:43:12
bike,0,492.0,190,2021-07-19 16:56:26
bike,0,3206.0,190,2021-07-12 08:54:11
bike,0,516.0,190,2021-07-26 07:49:08
bike,0,3560.0,190,2021-07-19 11:30:41
bike,0,716.0,190,2021-07-26 08:53:25
bike,0,3561.0,190,2021-07-19 11:30:40
bike,0,4873.0,190,2021-07-26 18:49:08
bike,0,1178.0,190,2021-07-12 12:20:03
bike,0,551.0,190,2021-07-05 13:20:06
bike,0,733.0,190,2021-07-12 16:57:58
bike,0,1367.0,190,2021-07-05 14:20:33
bike,0,855.0,190,2021-07-05 17:59:57
bike,0,556.0,190,2021-07-12 13:54:53
bike,0,4879.0,190,2021-07-26 18:50:52
bike,0,571.0,190,2021-07-05 09:36:39
bike,0,772.0,190,2021-07-19 23:53:12
bike,0,1318.0,190,2021-07-05 18:11:41
bike,0,1243.0,190,2021-07-26 09:44:43
bike,0,1739.0,190,2021-07-19 17:32:38
bike,0,1770.0,190,2021-07-19 16:55:06
bike,0,2008.0,190,2021-07-05 11:40:15
bike,0,784.0,190,2021-07-19 10:36:04
bike,0,29.0,190,2021-07-19 21:14:47
bike,0,2803.0,190,2021-07-05 16:42:59
bike,0,2021.0,190,2021-07-05 11:40:05
bike,0,820.0,190,2021-07-12 16:24:00
bike,0,1812.0,190,2021-07-12 18:59:54
bike,0,1152.0,190,2021-07-26 09:09:00
bike,0,441.0,190,2021-07-19 17:54:01
bike,0,448.0,190,2021-07-12 15:34:02
bike,0,482.0,190,2021-07-05 22:20:24
bike,0,2448.0,190,2021-07-05 17:32:18
bike,0,2526.0,190,2021-07-05 16:47:03
bike,0,522.0,190,2021-07-05 20:34:16
bike,0,448.0,190,2021-07-12 22:24:00
bike,0,3732.0,190,2021-07-26 18:05:26
bike,0,548.0,190,2021-07-05 10:53:39
bike,0,950.0,190,2021-07-05 08:46:31
bike,0,1987.0,190,2021-07-12 18:02:25
bike,0,2350.0,190,2021-07-26 18:11:16
bike,0,376.0,190,2021-07-05 17:00:29
bike,0,1840.0,190,2021-07-19 18:01:51
bike,0,154.0,190,2021-07-19 22:37:18
bike,0,186.0,190,2021-07-12 19:37:30
bike,0,139.0,190,2021-07-26 22:35:11
bike,0,1206.0,190,2021-07-19 21:43:40
bike,0,642.0,190,2021-07-19 17:51:34
bike,0,201.0,190,2021-07-19 15:19:50
bike,0,1601.0,190,2021-07-19 20:45:00
bike,0,1913.0,190,2021-07-19 19:10:26
bike,0,254.0,190,2021-07-26 21:50:27
bike,0,684.0,190,2021-07-19 14:31:21
bike,0,650.0,190,2021-07-26 23:38:41
bike,0,745.0,190,2021-07-26 18:23:45
bike,0,690.0,190,2021-07-05 19:02:59
bike,0,2144.0,190,2021-07-26 08:42:43
bike,0,642.0,190,2021-07-05 14:30:43
bike,0,1546.0,190,2021-07-19 09:02:12
bike,0,660.0,190,2021-07-12 23:56:49
bike,0,2099.0,190,2021-07-26 08:39:13
bike,0,769.0,190,2021-07-26 18:23:32
bike,0,1140.0,190,2021-07-19 00:46:03
bike,0,2357.0,190,2021-07-19 11:02:48
bike,0,767.0,190,2021-07-12 09:25:03
bike,0,455.0,190,2021-07-12 14:59:22
bike,0,526.0,190,2021-07-12 18:54:46
bike,0,1207.0,190,2021-07-12 14:31:47
bike,0,1183.0,190,2021-07-12 14:32:04
bike,0,1241.0,190,2021-07-05 14:32:55
bike,0,1264.0,190,2021-07-05 14:32:21
bike,0,3567.0,190,2021-07-19 12:01:29
bike,0,450.0,190,2021-07-19 18:58:32
bike,0,1252.0,190,2021-07-19 17:17:08
bike,0,227.0,190,2021-07-19 16:07:36
bike,0,315.0,190,2021-07-12 09:01:41
bike,0,2802.0,190,2021-07-05 16:08:25
bike,0,348.0,190,2021-07-12 09:21:12
bike,0,6989.0,190,2021-07-19 15:39:19
bike,0,1500.0,190,2021-07-12 00:42:34
bike,0,2804.0,190,2021-07-05 16:07:12
bike,0,893.0,190,2021-07-26 17:44:05
bike,0,1387.0,190,2021-07-05 18:50:00
bike,0,866.0,190,2021-07-19 20:06:10
bike,0,368.0,190,2021-07-19 20:11:38
bike,0,1031.0,190,2021-07-12 20:19:18
bike,0,210.0,190,2021-07-19 15:04:17
bike,0,1325.0,190,2021-07-19 19:26:45
bike,0,1798.0,190,2021-07-19 11:26:36
bike,0,478.0,190,2021-07-12 17:39:14
bike,0,1535.0,190,2021-07-19 19:23:56
bike,0,594.0,190,2021-07-26 13:34:41
bike,0,1340.0,190,2021-07-19 20:28:55
taxi,0,1131.0,190,07/12/2021 07:53:44 AM
taxi,0,1371.0,190,07/05/2021 02:46:08 PM
taxi,0,1500.0,190,07/19/2021 08:40:00 AM
taxi,0,1020.0,190,07/19/2021 10:21:00 AM
taxi,0,1935.0,190,07/19/2021 11:38:11 PM
